date,material,source,name,spec,price,unit,region,qty,source_url
2026-09-03,HDPE,cngold,HDPE,牌号:5000S;用途级别:拉丝级,10937.5,（元/吨）,,,https://m.cngold.org/price/jg10735808.html
2026-09-03,LDPE,cngold,LDPE,牌号:2426H;用途级别:薄膜级,11733.33,（元/吨）,,,https://m.cngold.org/price/jg10735807.html
2026-09-03,PET,cngold,PET,用途级别:水瓶级,8264.58,（元/吨）,,,https://m.cngold.org/price/jg10735809.html
2026-09-04,ABS,cngold,ABS,通用级,11100.0,（元/吨）,,,https://m.cngold.org/price/jg10738633.html
2026-09-04,HDPE,cngold,HDPE,牌号:5000S;用途级别:拉丝级,10850.0,（元/吨）,,,https://m.cngold.org/price/jg10738628.html
2026-09-04,LDPE,cngold,LDPE,牌号:2426H;用途级别:薄膜级,11900.0,（元/吨）,,,https://m.cngold.org/price/jg10738627.html
2026-09-04,PC,cngold,PC,通用级,14766.67,（元/吨）,,,https://m.cngold.org/price/jg10738631.html
2026-09-04,PE,cngold,PE,薄膜料,9195.0,（元/吨）,,,https://m.cngold.org/price/jg10738586.html
2026-09-04,PET,cngold,PET,用途级别:水瓶级,8258.75,（元/吨）,,,https://m.cngold.org/price/jg10738629.html
2026-09-04,POM,cngold,POM,MC90,11400.0,（元/吨）,,,https://m.cngold.org/price/jg10738599.html
2026-09-04,PP,cngold,PP(纤维),牌号:Z30S;用途级别:纤维级,9512.5,（元/吨）,,,https://m.cngold.org/price/jg10738635.html
2026-09-04,PP,cngold,PP(拉丝),L5E89,9633.33,（元/吨）,,,https://m.cngold.org/price/jg10738635.html
2026-09-04,PS,cngold,PS,牌号:525;用途级别:注塑级,10283.33,（元/吨）,,,https://m.cngold.org/price/jg10738634.html
2026-09-04,PVC,cngold,PVC,SG-5 优等品,4835.0,（元/吨）,,,https://m.cngold.org/price/jg10738636.html
2026-09-04,PP,rawmex,PP,镇海炼化 T30S,11450.0,元/吨,"浙江省
  				                    				                    				                    				                  >    				                  宁波市",27吨,https://www.rawmex.cn/sell-9737067.html
2026-09-04,PP,rawmex,PP,镇海炼化 T30S,11200.0,元/吨,"浙江省
  				                    				                    				                    				                  >    				                  宁波市",27吨,https://www.rawmex.cn/sell-9737064.html
2026-09-04,PP,rawmex,PP,镇海炼化 T30S,11100.0,元/吨,"浙江省
  				                    				                    				                    				                  >    				                  宁波市",27吨,https://www.rawmex.cn/sell-9737060.html
2026-09-04,PP,rawmex,PP,抚顺石化 L5E89,9550.0,元/吨,"山东省
  				                    				                    				                    				                  >    				                  临沂市",66吨,https://www.rawmex.cn/sell-9737054.html
2026-09-04,PP,rawmex,PP,抚顺石化 L5E89,9700.0,元/吨,"山东省
  				                    				                    				                    				                  >    				                  临沂市",99吨,https://www.rawmex.cn/sell-9737055.html
2026-09-04,PP,rawmex,PP,抚顺石化 L5E89,9650.0,元/吨,"山东省
  				                    				                    				                    				                  >    				                  临沂市",66吨,https://www.rawmex.cn/sell-9737053.html
2026-09-04,PP,rawmex,PP,中煤 L5E89,9820.0,元/吨,"浙江省
  				                    				                    				                    				                  >    				                  金华市",33吨,https://www.rawmex.cn/sell-9734917.html
2026-09-04,PP,rawmex,PP,中煤 L5E89,9770.0,元/吨,"浙江省
  				                    				                    				                    				                  >    				                  杭州市",34吨,https://www.rawmex.cn/sell-9733837.html
2026-09-04,PP,rawmex,PP,中煤 L5E89,9750.0,元/吨,"浙江省
  				                    				                    				                    				                  >    				                  金华市",66吨,https://www.rawmex.cn/sell-9732311.html
2026-09-04,PP,rawmex,PP,牌号:T30S;用途级别:拉丝级;,10700.0,元/吨,湖北省,30.0吨,https://www.rawmex.cn/sell-9714065.html
2026-09-03,PP,rawmex,PP,镇海炼化 T30S,10900.0,元/吨,"浙江省
  				                    				                    				                    				                  >    				                  宁波市",27吨,https://www.rawmex.cn/sell-9710367.html
2026-09-03,PP,rawmex,PP,镇海炼化 T30S,11150.0,元/吨,"浙江省
  				                    				                    				                    				                  >    				                  宁波市",27吨,https://www.rawmex.cn/sell-9710364.html
2026-09-03,PP,rawmex,PP,镇海炼化 T30S,11000.0,元/吨,"浙江省
  				                    				                    				                    				                  >    				                  宁波市",27吨,https://www.rawmex.cn/sell-9710366.html
2026-09-03,PP,rawmex,PP,抚顺石化 L5E89,9550.0,元/吨,"山东省
  				                    				                    				                    				                  >    				                  临沂市",66吨,https://www.rawmex.cn/sell-9710354.html
2026-09-03,PP,rawmex,PP,抚顺石化 L5E89,9700.0,元/吨,"山东省
  				                    				                    				                    				                  >    				                  临沂市",99吨,https://www.rawmex.cn/sell-9710355.html
2026-09-03,PP,rawmex,PP,抚顺石化 L5E89,9650.0,元/吨,"山东省
  				                    				                    				                    				                  >    				                  临沂市",66吨,https://www.rawmex.cn/sell-9710352.html
2026-09-03,PP,rawmex,PP,中煤 L5E89,9750.0,元/吨,"浙江省
  				                    				                    				                    				                  >    				                  金华市",66吨,https://www.rawmex.cn/sell-9709787.html
2026-09-03,PP,rawmex,PP,M800E,10850.0,元/吨,上海,20吨,https://www.rawmex.cn/sell-9706611.html
2026-09-03,PP,rawmex,PP,5250T,10900.0,元/吨,"上海
  				                    				                    				                    				                  >    				                  上海市",32吨,https://www.rawmex.cn/sell-9706594.html
2026-09-03,PP,rawmex,PP,5200XT,10700.0,元/吨,"江苏省
  				                    				                    				                    				                  >    				                  苏州市",32吨,https://www.rawmex.cn/sell-9706599.html
2025-12-16,PE,rawmex,聚乙烯（PE）,聚乙烯100s,8050.0,元/吨,"辽宁省
  				                    				                    				                    				                  >    				                  沈阳市",40吨,https://www.rawmex.cn/sell-1353113.html
2025-12-09,PE,rawmex,聚乙烯（PE）,聚乙烯100s,7980.0,元/吨,"辽宁省
  				                    				                    				                    				                  >    				                  沈阳市",15吨,https://www.rawmex.cn/sell-1314024.html
2025-11-20,PE,rawmex,聚乙烯（PE）20KG/袋,聚乙烯100s,8050.0,元/吨,吉林省,80吨,https://www.rawmex.cn/sell-1212795.html
2025-11-20,PE,rawmex,聚乙烯（HDPE）,大庆石化5000s,8280.0,元/吨,"辽宁省
  				                    				                    				                    				                  >    				                  沈阳市",10吨,https://www.rawmex.cn/sell-1212634.html
2025-10-28,PE,rawmex,聚乙烯（HDPE）,大庆石化5000s,8350.0,元/吨,"辽宁省
  				                    				                    				                    				                  >    				                  沈阳市",70吨,https://www.rawmex.cn/sell-1080503.html
2026-08-21,PE,rawmex,聚乙烯,淮阳 23050 国产 国标 袋装,9000.0,元/吨,"河南省
  				                    				                    				                    				                  >    				                  周口市",180吨,https://www.rawmex.cn/sell-252441.html
2026-09-04,ABS,rawmex,ABS,吉林石化 0215A,11200.0,元/吨,"广东省
  				                    				                    				                    				                  >    				                  揭阳市",64吨,https://www.rawmex.cn/sell-9736843.html
2026-09-04,ABS,rawmex,ABS,吉林石化 0215A,11100.0,元/吨,"广东省
  				                    				                    				                    				                  >    				                  揭阳市",64吨,https://www.rawmex.cn/sell-9735052.html
2026-09-04,ABS,rawmex,ABS,吉林石化 0215A,11000.0,元/吨,"广东省
  				                    				                    				                    				                  >    				                  东莞市",64吨,https://www.rawmex.cn/sell-9734944.html
2026-09-03,ABS,rawmex,ABS,吉林石化 0215A,11100.0,元/吨,"广东省
  				                    				                    				                    				                  >    				                  揭阳市",64吨,https://www.rawmex.cn/sell-9710283.html
2026-09-03,ABS,rawmex,ABS,吉林石化 0215A,11100.0,元/吨,"广东省
  				                    				                    				                    				                  >    				                  揭阳市",64吨,https://www.rawmex.cn/sell-9709788.html
2026-09-03,ABS,rawmex,ABS,吉林石化 0215A,11050.0,元/吨,"广东省
  				                    				                    				                    				                  >    				                  东莞市",64吨,https://www.rawmex.cn/sell-9709789.html
2026-09-03,ABS,rawmex,ABS,DG-417,12100.0,元/吨,"上海
  				                    				                    				                    				                  >    				                  上海市",32吨,https://www.rawmex.cn/sell-9706739.html
2026-09-03,ABS,rawmex,ABS,D-1000,18800.0,元/吨,"上海
  				                    				                    				                    				                  >    				                  上海市",10吨,https://www.rawmex.cn/sell-9706729.html
2026-09-03,ABS,rawmex,ABS,PA-758,17500.0,元/吨,"上海
  				                    				                    				                    				                  >    				                  上海市",15吨,https://www.rawmex.cn/sell-9706731.html
2026-09-03,ABS,rawmex,ABS,HI-121H,11800.0,元/吨,"上海
  				                    				                    				                    				                  >    				                  上海市",32吨,https://www.rawmex.cn/sell-9706596.html
2026-09-03,ABS,rawmex,ABS,规格：PA-765A,32300.0,元/吨,"江苏省
  				                    				                    				                    				                  >    				                  常州市",15吨,https://www.rawmex.cn/sell-9706577.html
2026-09-03,ABS,rawmex,ABS,PA-757K,12300.0,元/吨,"上海
  				                    				                    				                    				                  >    				                  上海市",32吨,https://www.rawmex.cn/sell-9706580.html
2026-09-03,ABS,rawmex,ABS,DG-417,12100.0,元/吨,"上海
  				                    				                    				                    				                  >    				                  上海市",32吨,https://www.rawmex.cn/sell-9706508.html
2026-09-03,ABS,rawmex,ABS,D-1000,18800.0,元/吨,"上海
  				                    				                    				                    				                  >    				                  上海市",10吨,https://www.rawmex.cn/sell-9706489.html
2026-09-03,ABS,rawmex,ABS,PA-758,17500.0,元/吨,"上海
  				                    				                    				                    				                  >    				                  上海市",15吨,https://www.rawmex.cn/sell-9706492.html
2026-09-03,ABS,rawmex,ABS,HI-121H,11800.0,元/吨,"上海
  				                    				                    				                    				                  >    				                  上海市",32吨,https://www.rawmex.cn/sell-9706367.html
2026-09-03,ABS,rawmex,ABS,DG-417,12100.0,元/吨,"上海
  				                    				                    				                    				                  >    				                  上海市",32吨,https://www.rawmex.cn/sell-9706360.html
2026-09-03,ABS,rawmex,ABS,规格：PA-765A,32300.0,元/吨,"江苏省
  				                    				                    				                    				                  >    				                  常州市",15吨,https://www.rawmex.cn/sell-9706348.html
2026-09-03,ABS,rawmex,ABS,PA-757K,12300.0,元/吨,"上海
  				                    				                    				                    				                  >    				                  上海市",32吨,https://www.rawmex.cn/sell-9706353.html
2026-09-03,ABS,rawmex,ABS,D-1000,18800.0,元/吨,"上海
  				                    				                    				                    				                  >    				                  上海市",10吨,https://www.rawmex.cn/sell-9706341.html
2026-09-04,PC,rawmex,PC,鲁西化工 LXTY1609T-11,14750.0,元/吨,"广东省
  				                    				                    				                    				                  >    				                  汕头市",80吨,https://www.rawmex.cn/sell-9736846.html
2026-09-04,PC,rawmex,PC,鲁西化工 LXTY1609T-11,14750.0,元/吨,"广东省
  				                    				                    				                    				                  >    				                  东莞市",80吨,https://www.rawmex.cn/sell-9736845.html
2026-09-04,PC,rawmex,PC,鲁西化工 LXTY1609T-11,14800.0,元/吨,"广东省
  				                    				                    				                    				                  >    				                  东莞市",80吨,https://www.rawmex.cn/sell-9736844.html
2026-09-03,PC,rawmex,PC,鲁西化工 LXTY1609T-11,14700.0,元/吨,"广东省
  				                    				                    				                    				                  >    				                  汕头市",80吨,https://www.rawmex.cn/sell-9710284.html
2026-09-03,PC,rawmex,PC,鲁西化工 LXTY1609T-11,14750.0,元/吨,"广东省
  				                    				                    				                    				                  >    				                  东莞市",80吨,https://www.rawmex.cn/sell-9710285.html
2026-09-03,PC,rawmex,PC,鲁西化工 LXTY1609T-11,14700.0,元/吨,"广东省
  				                    				                    				                    				                  >    				                  东莞市",80吨,https://www.rawmex.cn/sell-9710286.html
2026-09-03,PC,rawmex,PC,PC-110,18500.0,元/吨,"上海
  				                    				                    				                    				                  >    				                  上海市",10吨,https://www.rawmex.cn/sell-9706736.html
2026-09-03,PC,rawmex,PC,141R-111,15800.0,元/吨,"上海
  				                    				                    				                    				                  >    				                  上海市",30吨,https://www.rawmex.cn/sell-9706737.html
2026-09-03,PC,rawmex,PC,LED2245  000000,36300.0,元/吨,"上海
  				                    				                    				                    				                  >    				                  上海市",5吨,https://www.rawmex.cn/sell-9706725.html
2026-09-03,PC,rawmex,PC,2805,16500.0,元/吨,"上海
  				                    				                    				                    				                  >    				                  上海市",10吨,https://www.rawmex.cn/sell-9706727.html
2026-09-03,PC,rawmex,PC,940,18800.0,元/吨,"上海
  				                    				                    				                    				                  >    				                  上海市",10吨,https://www.rawmex.cn/sell-9706716.html
2026-09-03,PC,rawmex,PC,2407,18200.0,元/吨,"上海
  				                    				                    				                    				                  >    				                  上海市",10吨,https://www.rawmex.cn/sell-9706587.html
2026-09-03,PC,rawmex,PC,牌号1100,15800.0,元/吨,"江苏省
  				                    				                    				                    				                  >    				                  苏州市",10吨,https://www.rawmex.cn/sell-9706591.html
2026-09-03,PC,rawmex,PC,PC-110,18500.0,元/吨,"上海
  				                    				                    				                    				                  >    				                  上海市",10吨,https://www.rawmex.cn/sell-9706499.html
2026-09-03,PC,rawmex,PC,141R-111,15800.0,元/吨,"上海
  				                    				                    				                    				                  >    				                  上海市",30吨,https://www.rawmex.cn/sell-9706501.html
2026-09-03,PC,rawmex,PC,2805,16500.0,元/吨,"上海
  				                    				                    				                    				                  >    				                  上海市",10吨,https://www.rawmex.cn/sell-9706488.html
2026-09-03,PC,rawmex,PC,940,18800.0,元/吨,"上海
  				                    				                    				                    				                  >    				                  上海市",10吨,https://www.rawmex.cn/sell-9706479.html
2026-09-03,PC,rawmex,PC,LED2245  000000,36300.0,元/吨,"上海
  				                    				                    				                    				                  >    				                  上海市",5吨,https://www.rawmex.cn/sell-9706486.html
2026-09-03,PC,rawmex,PC,141R-111,15800.0,元/吨,"上海
  				                    				                    				                    				                  >    				                  上海市",30吨,https://www.rawmex.cn/sell-9706355.html
2026-09-03,PC,rawmex,PC,2407,18200.0,元/吨,"上海
  				                    				                    				                    				                  >    				                  上海市",10吨,https://www.rawmex.cn/sell-9706359.html
2026-09-03,POM,rawmex,POM,F20-03,13200.0,元/吨,上海,100吨,https://www.rawmex.cn/sell-9710810.html
2026-09-03,POM,rawmex,POM,F20-02,13200.0,元/吨,上海,100吨,https://www.rawmex.cn/sell-9710806.html
2026-09-03,POM,rawmex,POM,100P  NC010,35000.0,元/吨,浙江省,100吨,https://www.rawmex.cn/sell-9710802.html
2026-09-03,POM,rawmex,POM,K300,12000.0,元/吨,江苏省,100吨,https://www.rawmex.cn/sell-9710798.html
2026-09-03,POM,rawmex,POM,F20-03,13200.0,元/吨,浙江省,100吨,https://www.rawmex.cn/sell-9710795.html
2026-09-03,POM,rawmex,POM,F20-02,13200.0,元/吨,浙江省,100吨,https://www.rawmex.cn/sell-9710791.html
2026-09-03,POM,rawmex,POM,M90-44,12000.0,元/吨,江苏省,100吨,https://www.rawmex.cn/sell-9710788.html
2026-09-03,POM,rawmex,POM,100ST,30000.0,元/吨,浙江省,100吨,https://www.rawmex.cn/sell-9710784.html
2026-09-03,POM,rawmex,POM,M90-04,12500.0,元/吨,浙江省,100吨,https://www.rawmex.cn/sell-9710778.html
2026-09-03,POM,rawmex,POM,FM270,13200.0,元/吨,江苏省,100吨,https://www.rawmex.cn/sell-9710776.html
2026-09-03,POM,rawmex,POM,MC90,9200.0,元/吨,浙江省,100吨,https://www.rawmex.cn/sell-9710771.html
2026-09-03,POM,rawmex,POM,M90,11500.0,元/吨,浙江省,100吨,https://www.rawmex.cn/sell-9710769.html
2026-09-03,POM,rawmex,POM,M90,11000.0,元/吨,浙江省,100吨,https://www.rawmex.cn/sell-9710763.html
2026-09-03,POM,rawmex,POM,M270,11000.0,元/吨,江苏省,100吨,https://www.rawmex.cn/sell-9710758.html
2026-09-03,POM,rawmex,POM,30A,8500.0,元/吨,江苏省,100吨,https://www.rawmex.cn/sell-9710753.html
2026-09-03,POM,rawmex,POM,500P,29000.0,元/吨,上海,100吨,https://www.rawmex.cn/sell-9710749.html
2026-09-03,POM,rawmex,POM,K90,9200.0,元/吨,浙江省,100吨,https://www.rawmex.cn/sell-9710747.html
2026-09-03,POM,rawmex,POM,270,10500.0,元/吨,江苏省,100吨,https://www.rawmex.cn/sell-9710746.html
2026-09-03,POM,rawmex,POM,MC90-L,8800.0,元/吨,江苏省,100吨,https://www.rawmex.cn/sell-9710743.html
2026-09-03,POM,rawmex,POM,MC90-01,9000.0,元/吨,江苏省,100吨,https://www.rawmex.cn/sell-9710741.html
2026-09-03,PA6,rawmex,PA6,YH800,14200.0,元/吨,"上海
  				                    				                    				                    				                  >    				                  上海市",32吨,https://www.rawmex.cn/sell-9709722.html
2026-09-03,PA6,rawmex,PA6,1013B,17800.0,元/吨,"上海
  				                    				                    				                    				                  >    				                  上海市",22吨,https://www.rawmex.cn/sell-9706620.html
2026-09-03,PA6,rawmex,PA6,73G45L,18000.0,元/吨,"上海
  				                    				                    				                    				                  >    				                  上海市",10吨,https://www.rawmex.cn/sell-9706624.html
2026-09-03,PA6,rawmex,PA6,1013B,17800.0,元/吨,"上海
  				                    				                    				                    				                  >    				                  上海市",22吨,https://www.rawmex.cn/sell-9706382.html
2026-09-03,PA6,rawmex,PA6,73G45L,18000.0,元/吨,"上海
  				                    				                    				                    				                  >    				                  上海市",10吨,https://www.rawmex.cn/sell-9706383.html
2026-09-03,PA6,rawmex,PA6,73G45L,18000.0,元/吨,"上海
  				                    				                    				                    				                  >    				                  上海市",10吨,https://www.rawmex.cn/sell-9706211.html
2026-09-03,PA6,rawmex,PA6,1013B,17800.0,元/吨,"上海
  				                    				                    				                    				                  >    				                  上海市",22吨,https://www.rawmex.cn/sell-9706210.html
2026-09-03,PA6,rawmex,PA6,1013B,17800.0,元/吨,"上海
  				                    				                    				                    				                  >    				                  上海市",22吨,https://www.rawmex.cn/sell-9706176.html
2026-09-03,PA6,rawmex,PA6,73G45L,18000.0,元/吨,"上海
  				                    				                    				                    				                  >    				                  上海市",10吨,https://www.rawmex.cn/sell-9706180.html
2026-09-03,PA6,rawmex,PA6,73G45L,18000.0,元/吨,"上海
  				                    				                    				                    				                  >    				                  上海市",10吨,https://www.rawmex.cn/sell-9706025.html
2026-09-03,PA6,rawmex,PA6,1013B,17800.0,元/吨,"上海
  				                    				                    				                    				                  >    				                  上海市",22吨,https://www.rawmex.cn/sell-9706021.html
2026-09-02,PA6,rawmex,PA6,YH800,12800.0,元/吨,"上海
  				                    				                    				                    				                  >    				                  上海市",32吨,https://www.rawmex.cn/sell-9669386.html
2026-09-02,PA6,rawmex,PA6,1013B,17500.0,元/吨,"上海
  				                    				                    				                    				                  >    				                  上海市",22吨,https://www.rawmex.cn/sell-9669369.html
2026-09-02,PA6,rawmex,PA6,73G45L,18000.0,元/吨,"上海
  				                    				                    				                    				                  >    				                  上海市",10吨,https://www.rawmex.cn/sell-9669368.html
2026-09-02,PA6,rawmex,PA6,YH800,12800.0,元/吨,"上海
  				                    				                    				                    				                  >    				                  上海市",32吨,https://www.rawmex.cn/sell-9669307.html
2026-09-02,PA6,rawmex,PA6,73G45L,18000.0,元/吨,"上海
  				                    				                    				                    				                  >    				                  上海市",10吨,https://www.rawmex.cn/sell-9669289.html
2026-09-02,PA6,rawmex,PA6,1013B,17500.0,元/吨,"上海
  				                    				                    				                    				                  >    				                  上海市",22吨,https://www.rawmex.cn/sell-9669290.html
2026-09-01,PA6,rawmex,PA6,1013B,17500.0,元/吨,"上海
  				                    				                    				                    				                  >    				                  上海市",22吨,https://www.rawmex.cn/sell-9645582.html
2026-09-01,PA6,rawmex,PA6,73G45L,18000.0,元/吨,"上海
  				                    				                    				                    				                  >    				                  上海市",10吨,https://www.rawmex.cn/sell-9645584.html
2026-09-01,PA6,rawmex,PA6,1013B,17500.0,元/吨,"上海
  				                    				                    				                    				                  >    				                  上海市",22吨,https://www.rawmex.cn/sell-9645585.html
2026-09-03,PA66,rawmex,PA66,A3EG3,31200.0,元/吨,"江苏省
  				                    				                    				                    				                  >    				                  苏州市",32吨,https://www.rawmex.cn/sell-9706685.html
2026-09-03,PA66,rawmex,PA66,牌号：NC010；用途：通用级；,38800.0,元/吨,"上海
  				                    				                    				                    				                  >    				                  上海市",16吨,https://www.rawmex.cn/sell-9706653.html
2026-09-03,PA66,rawmex,PA66,A3WG6,29600.0,元/吨,"浙江省
  				                    				                    				                    				                  >    				                  宁波市",10吨,https://www.rawmex.cn/sell-9706656.html
2026-09-03,PA66,rawmex,PA66,A3WG6,29600.0,元/吨,"上海
  				                    				                    				                    				                  >    				                  上海市",10吨,https://www.rawmex.cn/sell-9706647.html
2026-09-03,PA66,rawmex,PA66,FR370,38400.0,元/吨,"上海
  				                    				                    				                    				                  >    				                  上海市",20吨,https://www.rawmex.cn/sell-9706649.html
2026-09-03,PA66,rawmex,PA66,EPR27,19300.0,元/吨,"浙江省
  				                    				                    				                    				                  >    				                  宁波市",20吨,https://www.rawmex.cn/sell-9706617.html
2026-09-03,PA66,rawmex,PA66,101L,27500.0,元/吨,"浙江省
  				                    				                    				                    				                  >    				                  宁波市",10公斤,https://www.rawmex.cn/sell-9706606.html
2026-09-03,PA66,rawmex,PA66,A3EG3,31200.0,元/吨,"江苏省
  				                    				                    				                    				                  >    				                  苏州市",32吨,https://www.rawmex.cn/sell-9706440.html
2026-09-03,PA66,rawmex,PA66,FR370,38400.0,元/吨,"上海
  				                    				                    				                    				                  >    				                  上海市",20吨,https://www.rawmex.cn/sell-9706406.html
2026-09-03,PA66,rawmex,PA66,牌号：NC010；用途：通用级；,38800.0,元/吨,"上海
  				                    				                    				                    				                  >    				                  上海市",16吨,https://www.rawmex.cn/sell-9706413.html
2026-09-03,PA66,rawmex,PA66,A3WG6,29600.0,元/吨,"浙江省
  				                    				                    				                    				                  >    				                  宁波市",10吨,https://www.rawmex.cn/sell-9706416.html
2026-09-03,PA66,rawmex,PA66,A3WG6,29600.0,元/吨,"上海
  				                    				                    				                    				                  >    				                  上海市",10吨,https://www.rawmex.cn/sell-9706403.html
2026-09-03,PA66,rawmex,PA66,EPR27,19300.0,元/吨,"浙江省
  				                    				                    				                    				                  >    				                  宁波市",20吨,https://www.rawmex.cn/sell-9706381.html
2026-09-03,PA66,rawmex,PA66,101L,27500.0,元/吨,"浙江省
  				                    				                    				                    				                  >    				                  宁波市",10公斤,https://www.rawmex.cn/sell-9706373.html
2026-09-03,PA66,rawmex,PA66,A3EG3,31200.0,元/吨,"江苏省
  				                    				                    				                    				                  >    				                  苏州市",32吨,https://www.rawmex.cn/sell-9706277.html
2026-09-03,PA66,rawmex,PA66,牌号：NC010；用途：通用级；,38800.0,元/吨,"上海
  				                    				                    				                    				                  >    				                  上海市",16吨,https://www.rawmex.cn/sell-9706242.html
2026-09-03,PA66,rawmex,PA66,A3WG6,29600.0,元/吨,"浙江省
  				                    				                    				                    				                  >    				                  宁波市",10吨,https://www.rawmex.cn/sell-9706245.html
2026-09-03,PA66,rawmex,PA66,A3EG3,31200.0,元/吨,"江苏省
  				                    				                    				                    				                  >    				                  苏州市",32吨,https://www.rawmex.cn/sell-9706248.html
2026-09-03,PA66,rawmex,PA66,A3WG6,29600.0,元/吨,"上海
  				                    				                    				                    				                  >    				                  上海市",10吨,https://www.rawmex.cn/sell-9706235.html
2026-09-03,PA66,rawmex,PA66,FR370,38400.0,元/吨,"上海
  				                    				                    				                    				                  >    				                  上海市",20吨,https://www.rawmex.cn/sell-9706236.html
2026-09-04,PET,rawmex,PET,浙江万凯 水瓶级 浙江万凯,8300.0,元/吨,"浙江省
  				                    				                    				                    				                  >    				                  嘉兴市",100吨,https://www.rawmex.cn/sell-9738252.html
2026-09-04,PET,rawmex,PET,"三房巷 水瓶级 三房巷 优等品,GB/T 17931-2018",8200.0,元/吨,"江苏省
  				                    				                    				                    				                  >    				                  无锡市",60吨,https://www.rawmex.cn/sell-9734940.html
2026-09-04,PET,rawmex,PET,"浙江万凯 水瓶级 浙江万凯 优等品,GB/T 17931-2018",8200.0,元/吨,"浙江省
  				                    				                    				                    				                  >    				                  嘉兴市",100吨,https://www.rawmex.cn/sell-9734942.html
2026-09-04,PET,rawmex,PET,浙江万凯 水瓶级 浙江万凯,8200.0,元/吨,"浙江省
  				                    				                    				                    				                  >    				                  嘉兴市",100吨,https://www.rawmex.cn/sell-9735112.html
2026-09-04,PET,rawmex,PET,"浙江万凯 水瓶级 浙江万凯 优等品,GB/T 17931-2018",8250.0,元/吨,"浙江省
  				                    				                    				                    				                  >    				                  嘉兴市",60吨,https://www.rawmex.cn/sell-9734930.html
2026-09-04,PET,rawmex,PET,"三房巷 水瓶级 三房巷 优等品,GB/T 17931-2018",8200.0,元/吨,"江苏省
  				                    				                    				                    				                  >    				                  无锡市",60吨,https://www.rawmex.cn/sell-9734925.html
2026-09-04,PET,rawmex,PET,"浙江万凯 水瓶级 浙江万凯 优等品,GB/T 17931-2018",8250.0,元/吨,"浙江省
  				                    				                    				                    				                  >    				                  嘉兴市",60吨,https://www.rawmex.cn/sell-9734304.html
2026-09-04,PET,rawmex,PET,"三房巷 水瓶级 三房巷 优等品,GB/T 17931-2018",8270.0,元/吨,"江苏省
  				                    				                    				                    				                  >    				                  无锡市",90吨,https://www.rawmex.cn/sell-9734301.html
2026-09-04,PET,rawmex,PET,"三房巷 水瓶级 三房巷 优等品,GB/T 17931-2018",8200.0,元/吨,"江苏省
  				                    				                    				                    				                  >    				                  无锡市",90吨,https://www.rawmex.cn/sell-9732608.html
2026-09-04,PET,rawmex,PET,"浙江万凯 水瓶级 浙江万凯 优等品,GB/T 17931-2018",8200.0,元/吨,"浙江省
  				                    				                    				                    				                  >    				                  嘉兴市",100吨,https://www.rawmex.cn/sell-9732592.html
2026-09-03,PET,rawmex,PET,浙江万凯 水瓶级 浙江万凯,8250.0,元/吨,"浙江省
  				                    				                    				                    				                  >    				                  嘉兴市",100吨,https://www.rawmex.cn/sell-9711168.html
2026-09-03,PET,rawmex,PET,用途级别:水瓶级,7900.0,元/吨,江苏省,100吨,https://www.rawmex.cn/sell-9710822.html
2026-09-03,PET,rawmex,PET,"浙江万凯 水瓶级 浙江万凯 优等品,GB/T 17931-2018",8300.0,元/吨,"浙江省
  				                    				                    				                    				                  >    				                  嘉兴市",100吨,https://www.rawmex.cn/sell-9710818.html
2026-09-03,PET,rawmex,PET,"三房巷 水瓶级 三房巷 优等品,GB/T 17931-2018",8200.0,元/吨,"江苏省
  				                    				                    				                    				                  >    				                  无锡市",30吨,https://www.rawmex.cn/sell-9710816.html
2026-09-03,PET,rawmex,PET,浙江万凯 水瓶级 浙江万凯,8250.0,元/吨,"浙江省
  				                    				                    				                    				                  >    				                  嘉兴市",100吨,https://www.rawmex.cn/sell-9709711.html
2026-09-03,PET,rawmex,PET,YS-W01,8450.0,元/吨,"上海
  				                    				                    				                    				                  >    				                  上海市",50吨,https://www.rawmex.cn/sell-9706743.html
2026-09-03,PET,rawmex,PET,YS-C01,8450.0,元/吨,"上海
  				                    				                    				                    				                  >    				                  上海市",50吨,https://www.rawmex.cn/sell-9706574.html
2026-09-03,PET,rawmex,PET,CZ-302,8250.0,元/吨,"江苏省
  				                    				                    				                    				                  >    				                  常州市",100吨,https://www.rawmex.cn/sell-9706576.html
2026-09-03,PET,rawmex,PET,CR-8863,8500.0,元/吨,"江苏省
  				                    				                    				                    				                  >    				                  常州市",50吨,https://www.rawmex.cn/sell-9706569.html
2026-09-03,PET,rawmex,PET,CR-8839,8500.0,元/吨,"江苏省
  				                    				                    				                    				                  >    				                  常州市",100吨,https://www.rawmex.cn/sell-9706571.html
2026-07-24,HDPE,rawmex,HDPE,DMDA-8008H,9500.0,元/吨,江苏省,1000000吨,https://www.rawmex.cn/sell-8953155.html
2026-07-23,HDPE,rawmex,HDPE,8008H注塑级,9500.0,元/吨,江苏省,100吨,https://www.rawmex.cn/sell-8953098.html
2025-12-26,HDPE,rawmex,HDPE,DMDA-8008H,8800.0,元/吨,"浙江省
  				                    				                    				                    				                  >    				                  宁波市",100吨,https://www.rawmex.cn/sell-6187724.html
2025-12-26,HDPE,rawmex,HDPE,8008H注塑级,8900.0,元/吨,"浙江省
  				                    				                    				                    				                  >    				                  宁波市",115吨,https://www.rawmex.cn/sell-6187552.html
2025-12-26,HDPE,rawmex,HDPE,HDPE HD62N07,8600.0,元/吨,"浙江省
  				                    				                    				                    				                  >    				                  宁波市",32吨,https://www.rawmex.cn/sell-6187519.html
2025-12-26,HDPE,rawmex,HDPE,牌号：8001 用途级别：管材级,8800.0,元/吨,"浙江省
  				                    				                    				                    				                  >    				                  宁波市",50吨,https://www.rawmex.cn/sell-6187508.html
2025-12-22,HDPE,rawmex,HDPE,牌号：8001 用途级别：管材级,8800.0,元/吨,"浙江省
  				                    				                    				                    				                  >    				                  宁波市",50吨,https://www.rawmex.cn/sell-6072609.html
2025-12-22,HDPE,rawmex,HDPE,牌号：8001 用途级别：管材级,8800.0,元/吨,"浙江省
  				                    				                    				                    				                  >    				                  宁波市",50吨,https://www.rawmex.cn/sell-6072615.html
2025-12-22,HDPE,rawmex,HDPE,牌号：8001 用途级别：管材级,8800.0,元/吨,"浙江省
  				                    				                    				                    				                  >    				                  宁波市",50吨,https://www.rawmex.cn/sell-6072587.html
2025-12-22,HDPE,rawmex,HDPE,牌号：8001 用途级别：管材级,8800.0,元/吨,"浙江省
  				                    				                    				                    				                  >    				                  宁波市",50吨,https://www.rawmex.cn/sell-6072595.html
2025-12-22,HDPE,rawmex,HDPE,牌号：8001 用途级别：管材级,8800.0,元/吨,"浙江省
  				                    				                    				                    				                  >    				                  宁波市",50吨,https://www.rawmex.cn/sell-6072569.html
2025-12-22,HDPE,rawmex,HDPE,牌号：8001 用途级别：管材级,8800.0,元/吨,"浙江省
  				                    				                    				                    				                  >    				                  宁波市",50吨,https://www.rawmex.cn/sell-6072575.html
2025-12-22,HDPE,rawmex,HDPE,HDPE HD62N07,8600.0,元/吨,"浙江省
  				                    				                    				                    				                  >    				                  宁波市",32吨,https://www.rawmex.cn/sell-6072546.html
2025-12-22,HDPE,rawmex,HDPE,HDPE HD62N07,8600.0,元/吨,"浙江省
  				                    				                    				                    				                  >    				                  宁波市",32吨,https://www.rawmex.cn/sell-6072524.html
2025-12-22,HDPE,rawmex,HDPE,HDPE HD62N07,8600.0,元/吨,"浙江省
  				                    				                    				                    				                  >    				                  宁波市",32吨,https://www.rawmex.cn/sell-6072538.html
2025-12-22,HDPE,rawmex,HDPE,HDPE HD62N07,8600.0,元/吨,"浙江省
  				                    				                    				                    				                  >    				                  宁波市",32吨,https://www.rawmex.cn/sell-6072505.html
2025-12-22,HDPE,rawmex,HDPE,HDPE HD62N07,8600.0,元/吨,"浙江省
  				                    				                    				                    				                  >    				                  宁波市",32吨,https://www.rawmex.cn/sell-6072517.html
2025-12-22,HDPE,rawmex,HDPE,HDPE HD62N07,8600.0,元/吨,"浙江省
  				                    				                    				                    				                  >    				                  宁波市",32吨,https://www.rawmex.cn/sell-6072501.html
2026-09-04,PVC,rawmex,PVC,SG-5 优等品 中泰,4850.0,元/吨,"江苏省
  				                    				                    				                    				                  >    				                  常州市",100吨,https://www.rawmex.cn/sell-9732830.html
2026-09-04,PVC,rawmex,PVC,SG-5 优等品 中泰,4850.0,元/吨,"江苏省
  				                    				                    				                    				                  >    				                  常州市",100吨,https://www.rawmex.cn/sell-9732811.html
2026-09-04,PVC,rawmex,PVC,SG-5 优等品 中泰,4850.0,元/吨,"江苏省
  				                    				                    				                    				                  >    				                  常州市",100吨,https://www.rawmex.cn/sell-9732810.html
2026-09-04,PVC,rawmex,PVC,SG-5 优等品 鲁泰,4750.0,元/吨,"山东省
  				                    				                    				                    				                  >    				                  济宁市",100吨,https://www.rawmex.cn/sell-9732696.html
2026-09-04,PVC,rawmex,PVC,SG-5 优等品 鲁泰,4750.0,元/吨,"山东省
  				                    				                    				                    				                  >    				                  济宁市",100吨,https://www.rawmex.cn/sell-9732692.html
2026-09-04,PVC,rawmex,PVC,SG-5 优等品 鲁泰,4750.0,元/吨,"山东省
  				                    				                    				                    				                  >    				                  济宁市",100吨,https://www.rawmex.cn/sell-9732685.html
2026-09-04,PVC,rawmex,PVC,SG-5 优等品 鲁泰,4750.0,元/吨,"山东省
  				                    				                    				                    				                  >    				                  济宁市",100吨,https://www.rawmex.cn/sell-9732679.html
2026-09-04,PVC,rawmex,PVC,SG-5 优等品 鲁泰,4750.0,元/吨,"山东省
  				                    				                    				                    				                  >    				                  济宁市",100吨,https://www.rawmex.cn/sell-9732677.html
2026-09-04,PVC,rawmex,PVC,SG-5 优等品 信发,4700.0,元/吨,"山东省
  				                    				                    				                    				                  >    				                  聊城市",100吨,https://www.rawmex.cn/sell-9732629.html
2026-09-04,PVC,rawmex,PVC,SG-5 优等品 信发,4700.0,元/吨,"山东省
  				                    				                    				                    				                  >    				                  聊城市",100吨,https://www.rawmex.cn/sell-9732616.html
2026-09-04,PVC,rawmex,PVC,SG-5 优等品 信发,4700.0,元/吨,"山东省
  				                    				                    				                    				                  >    				                  聊城市",100吨,https://www.rawmex.cn/sell-9732602.html
2026-09-04,PVC,rawmex,PVC,SG-5 优等品 信发,4700.0,元/吨,"山东省
  				                    				                    				                    				                  >    				                  聊城市",100吨,https://www.rawmex.cn/sell-9732588.html
2026-09-04,PVC,rawmex,PVC,SG-5 优等品 信发,4700.0,元/吨,"山东省
  				                    				                    				                    				                  >    				                  聊城市",100吨,https://www.rawmex.cn/sell-9732578.html
2026-09-03,PVC,rawmex,PVC,SG-5 优等品 中泰,4850.0,元/吨,"江苏省
  				                    				                    				                    				                  >    				                  常州市",100吨,https://www.rawmex.cn/sell-9703574.html
2026-09-03,PVC,rawmex,PVC,SG-5 优等品 中泰,4850.0,元/吨,"江苏省
  				                    				                    				                    				                  >    				                  常州市",100吨,https://www.rawmex.cn/sell-9703573.html
2026-09-03,PVC,rawmex,PVC,SG-5 优等品 中泰,4850.0,元/吨,"江苏省
  				                    				                    				                    				                  >    				                  常州市",100吨,https://www.rawmex.cn/sell-9703564.html
2026-09-03,PVC,rawmex,PVC,SG-5 优等品 鲁泰,4750.0,元/吨,"山东省
  				                    				                    				                    				                  >    				                  济宁市",100吨,https://www.rawmex.cn/sell-9702273.html
2026-09-03,PVC,rawmex,PVC,SG-5 优等品 鲁泰,4750.0,元/吨,"山东省
  				                    				                    				                    				                  >    				                  济宁市",100吨,https://www.rawmex.cn/sell-9702271.html
2026-09-03,PVC,rawmex,PVC,SG-5 优等品 鲁泰,4750.0,元/吨,"山东省
  				                    				                    				                    				                  >    				                  济宁市",100吨,https://www.rawmex.cn/sell-9702269.html
2026-09-03,PVC,rawmex,PVC,SG-5 优等品 鲁泰,4750.0,元/吨,"山东省
  				                    				                    				                    				                  >    				                  济宁市",100吨,https://www.rawmex.cn/sell-9702268.html
2026-09-03,LDPE,rawmex,LDPE,Q281,12500.0,元/吨,"上海
  				                    				                    				                    				                  >    				                  上海市",20吨,https://www.rawmex.cn/sell-9706582.html
2026-09-03,LDPE,rawmex,LDPE,Q281,12500.0,元/吨,"上海
  				                    				                    				                    				                  >    				                  上海市",20吨,https://www.rawmex.cn/sell-9706356.html
2026-09-03,LDPE,rawmex,LDPE,Q281,12500.0,元/吨,"上海
  				                    				                    				                    				                  >    				                  上海市",20吨,https://www.rawmex.cn/sell-9706170.html
2026-09-03,LDPE,rawmex,LDPE,Q281,12500.0,元/吨,"上海
  				                    				                    				                    				                  >    				                  上海市",20吨,https://www.rawmex.cn/sell-9706138.html
2026-09-03,LDPE,rawmex,LDPE,Q281,12500.0,元/吨,"上海
  				                    				                    				                    				                  >    				                  上海市",20吨,https://www.rawmex.cn/sell-9705989.html
2026-09-02,LDPE,rawmex,LDPE,Q281,11900.0,元/吨,"上海
  				                    				                    				                    				                  >    				                  上海市",20吨,https://www.rawmex.cn/sell-9669383.html
2026-09-02,LDPE,rawmex,LDPE,Q281,11900.0,元/吨,"上海
  				                    				                    				                    				                  >    				                  上海市",20吨,https://www.rawmex.cn/sell-9669304.html
2026-09-01,LDPE,rawmex,LDPE,Q281,11700.0,元/吨,"上海
  				                    				                    				                    				                  >    				                  上海市",20吨,https://www.rawmex.cn/sell-9645558.html
2026-09-01,LDPE,rawmex,LDPE,Q281,11700.0,元/吨,"上海
  				                    				                    				                    				                  >    				                  上海市",20吨,https://www.rawmex.cn/sell-9645555.html
2026-08-31,LDPE,rawmex,LDPE,Q281,11400.0,元/吨,"上海
  				                    				                    				                    				                  >    				                  上海市",20吨,https://www.rawmex.cn/sell-9619999.html
2026-08-28,LDPE,rawmex,LDPE,Q281,11400.0,元/吨,"上海
  				                    				                    				                    				                  >    				                  上海市",20吨,https://www.rawmex.cn/sell-9588262.html
2026-08-27,LDPE,rawmex,LDPE,Q281,11000.0,元/吨,"上海
  				                    				                    				                    				                  >    				                  上海市",20吨,https://www.rawmex.cn/sell-9567727.html
2026-08-27,LDPE,rawmex,LDPE,Q281,11000.0,元/吨,"上海
  				                    				                    				                    				                  >    				                  上海市",20吨,https://www.rawmex.cn/sell-9567729.html
2026-08-27,LDPE,rawmex,LDPE,Q281,11000.0,元/吨,"上海
  				                    				                    				                    				                  >    				                  上海市",20吨,https://www.rawmex.cn/sell-9567734.html
2026-08-25,LDPE,rawmex,LDPE,Q281,11000.0,元/吨,"上海
  				                    				                    				                    				                  >    				                  上海市",20吨,https://www.rawmex.cn/sell-9525043.html
2026-08-24,LDPE,rawmex,LDPE,Q281,11000.0,元/吨,"上海
  				                    				                    				                    				                  >    				                  上海市",20吨,https://www.rawmex.cn/sell-9503836.html
2026-08-19,LDPE,rawmex,LDPE,Q281,11000.0,元/吨,"上海
  				                    				                    				                    				                  >    				                  上海市",20吨,https://www.rawmex.cn/sell-9415865.html
2026-08-19,LDPE,rawmex,LDPE,Q281,11000.0,元/吨,"上海
  				                    				                    				                    				                  >    				                  上海市",20吨,https://www.rawmex.cn/sell-9415720.html
2026-08-19,LDPE,rawmex,LDPE,Q281,11000.0,元/吨,"上海
  				                    				                    				                    				                  >    				                  上海市",20吨,https://www.rawmex.cn/sell-9415731.html
2026-08-19,LDPE,rawmex,LDPE,Q281,11000.0,元/吨,"上海
  				                    				                    				                    				                  >    				                  上海市",20吨,https://www.rawmex.cn/sell-9415710.html
2026-09-07,ABS,cngold,ABS,通用级,11183.33,（元/吨）,,,https://m.cngold.org/price/jg10742341.html
2026-09-07,HDPE,cngold,HDPE,牌号:5000S;用途级别:拉丝级,10925.0,（元/吨）,,,https://m.cngold.org/price/jg10742336.html
2026-09-07,LDPE,cngold,LDPE,牌号:2426H;用途级别:薄膜级,11900.0,（元/吨）,,,https://m.cngold.org/price/jg10742335.html
2026-09-07,PC,cngold,PC,通用级,14766.67,（元/吨）,,,https://m.cngold.org/price/jg10742339.html
2026-09-07,PE,cngold,PE,薄膜料,9198.33,（元/吨）,,,https://m.cngold.org/price/jg10742294.html
2026-09-07,PET,cngold,PET,用途级别:水瓶级,8242.92,（元/吨）,,,https://m.cngold.org/price/jg10742337.html
2026-09-07,POM,cngold,POM,MC90,11400.0,（元/吨）,,,https://m.cngold.org/price/jg10742307.html
2026-09-07,PP,cngold,PP(纤维),牌号:Z30S;用途级别:纤维级,9512.5,（元/吨）,,,https://m.cngold.org/price/jg10742343.html
2026-09-07,PP,cngold,PP(拉丝),L5E89,9633.33,（元/吨）,,,https://m.cngold.org/price/jg10742343.html
2026-09-07,PS,cngold,PS,牌号:525;用途级别:注塑级,10283.33,（元/吨）,,,https://m.cngold.org/price/jg10742342.html
2026-09-07,PVC,cngold,PVC,SG-5 优等品,4865.0,（元/吨）,,,https://m.cngold.org/price/jg10742344.html
2026-09-07,PP,rawmex,PP,镇海炼化 T30S,11450.0,元/吨,"浙江省
  				                    				                    				                    				                  >    				                  宁波市",27吨,https://www.rawmex.cn/sell-9776209.html
2026-09-07,PP,rawmex,PP,镇海炼化 T30S,11200.0,元/吨,"浙江省
  				                    				                    				                    				                  >    				                  宁波市",27吨,https://www.rawmex.cn/sell-9776207.html
2026-09-07,PP,rawmex,PP,镇海炼化 T30S,11100.0,元/吨,"浙江省
  				                    				                    				                    				                  >    				                  宁波市",27吨,https://www.rawmex.cn/sell-9776162.html
2026-09-07,PP,rawmex,PP,抚顺石化 L5E89,9700.0,元/吨,"山东省
  				                    				                    				                    				                  >    				                  临沂市",99吨,https://www.rawmex.cn/sell-9776155.html
2026-09-07,PP,rawmex,PP,抚顺石化 L5E89,9550.0,元/吨,"山东省
  				                    				                    				                    				                  >    				                  临沂市",66吨,https://www.rawmex.cn/sell-9776151.html
2026-09-07,PP,rawmex,PP,抚顺石化 L5E89,9650.0,元/吨,"山东省
  				                    				                    				                    				                  >    				                  临沂市",66吨,https://www.rawmex.cn/sell-9776148.html
2026-09-07,PP,rawmex,PP,中煤 L5E89,9670.0,元/吨,"浙江省
  				                    				                    				                    				                  >    				                  金华市",66吨,https://www.rawmex.cn/sell-9775401.html
2026-09-07,PP,rawmex,PP,中煤 L5E89,9720.0,元/吨,"浙江省
  				                    				                    				                    				                  >    				                  金华市",33吨,https://www.rawmex.cn/sell-9771820.html
2026-09-07,PP,rawmex,PP,5200XT,10700.0,元/吨,"江苏省
  				                    				                    				                    				                  >    				                  苏州市",32吨,https://www.rawmex.cn/sell-9770872.html
2026-09-07,PP,rawmex,PP,5250T,10900.0,元/吨,"上海
  				                    				                    				                    				                  >    				                  上海市",32吨,https://www.rawmex.cn/sell-9770874.html
2026-09-07,PP,rawmex,PP,M800E,10850.0,元/吨,上海,20吨,https://www.rawmex.cn/sell-9770867.html
2026-09-07,PP,rawmex,PP,中煤 L5E89,9670.0,元/吨,"浙江省
  				                    				                    				                    				                  >    				                  杭州市",34吨,https://www.rawmex.cn/sell-9768419.html
2026-09-07,PP,rawmex,PP,牌号:T30S;用途级别:拉丝级;,10700.0,元/吨,湖北省,30.0吨,https://www.rawmex.cn/sell-9758562.html
2026-09-07,ABS,rawmex,ABS,吉林石化 0215A,11300.0,元/吨,"广东省
  				                    				                    				                    				                  >    				                  揭阳市",64吨,https://www.rawmex.cn/sell-9776060.html
2026-09-07,ABS,rawmex,ABS,吉林石化 0215A,11100.0,元/吨,"广东省
  				                    				                    				                    				                  >    				                  揭阳市",64吨,https://www.rawmex.cn/sell-9776059.html
2026-09-07,ABS,rawmex,ABS,吉林石化 0215A,11150.0,元/吨,"广东省
  				                    				                    				                    				                  >    				                  东莞市",64吨,https://www.rawmex.cn/sell-9776058.html
2026-09-07,ABS,rawmex,ABS,规格：PA-765A,32300.0,元/吨,"江苏省
  				                    				                    				                    				                  >    				                  常州市",15吨,https://www.rawmex.cn/sell-9770883.html
2026-09-07,ABS,rawmex,ABS,PA-757K,12500.0,元/吨,"上海
  				                    				                    				                    				                  >    				                  上海市",32吨,https://www.rawmex.cn/sell-9770880.html
2026-09-07,ABS,rawmex,ABS,HI-121H,12000.0,元/吨,"上海
  				                    				                    				                    				                  >    				                  上海市",32吨,https://www.rawmex.cn/sell-9770873.html
2026-09-07,ABS,rawmex,ABS,PA-758,17500.0,元/吨,"上海
  				                    				                    				                    				                  >    				                  上海市",15吨,https://www.rawmex.cn/sell-9770815.html
2026-09-07,ABS,rawmex,ABS,D-1000,18800.0,元/吨,"上海
  				                    				                    				                    				                  >    				                  上海市",10吨,https://www.rawmex.cn/sell-9770816.html
2026-09-07,ABS,rawmex,ABS,DG-417,12500.0,元/吨,"上海
  				                    				                    				                    				                  >    				                  上海市",32吨,https://www.rawmex.cn/sell-9770812.html
2026-09-07,PC,rawmex,PC,鲁西化工 LXTY1609T-11,14800.0,元/吨,"广东省
  				                    				                    				                    				                  >    				                  东莞市",80吨,https://www.rawmex.cn/sell-9776063.html
2026-09-07,PC,rawmex,PC,鲁西化工 LXTY1609T-11,14750.0,元/吨,"广东省
  				                    				                    				                    				                  >    				                  东莞市",80吨,https://www.rawmex.cn/sell-9776062.html
2026-09-07,PC,rawmex,PC,鲁西化工 LXTY1609T-11,14750.0,元/吨,"广东省
  				                    				                    				                    				                  >    				                  汕头市",80吨,https://www.rawmex.cn/sell-9776061.html
2026-09-07,PC,rawmex,PC,2407,18200.0,元/吨,"上海
  				                    				                    				                    				                  >    				                  上海市",10吨,https://www.rawmex.cn/sell-9770877.html
2026-09-07,PC,rawmex,PC,牌号1100,15800.0,元/吨,"江苏省
  				                    				                    				                    				                  >    				                  苏州市",10吨,https://www.rawmex.cn/sell-9770875.html
2026-09-07,PC,rawmex,PC,LED2245  000000,36300.0,元/吨,"上海
  				                    				                    				                    				                  >    				                  上海市",5吨,https://www.rawmex.cn/sell-9770818.html
2026-09-07,PC,rawmex,PC,940,18800.0,元/吨,"上海
  				                    				                    				                    				                  >    				                  上海市",10吨,https://www.rawmex.cn/sell-9770821.html
2026-09-07,PC,rawmex,PC,2805,16500.0,元/吨,"上海
  				                    				                    				                    				                  >    				                  上海市",10吨,https://www.rawmex.cn/sell-9770817.html
2026-09-07,PC,rawmex,PC,141R-111,15800.0,元/吨,"上海
  				                    				                    				                    				                  >    				                  上海市",30吨,https://www.rawmex.cn/sell-9770813.html
2026-09-07,PC,rawmex,PC,PC-110,18500.0,元/吨,"上海
  				                    				                    				                    				                  >    				                  上海市",10吨,https://www.rawmex.cn/sell-9770814.html
2026-09-07,POM,rawmex,POM,K90-1,9800.0,元/吨,"江苏省
  				                    				                    				                    				                  >    				                  苏州市",32吨,https://www.rawmex.cn/sell-9770878.html
2026-09-07,POM,rawmex,POM,K90,9800.0,元/吨,"江苏省
  				                    				                    				                    				                  >    				                  苏州市",32吨,https://www.rawmex.cn/sell-9770881.html
2026-09-07,POM,rawmex,POM,牌号:TS-22H  玻纤增强,22500.0,元/吨,"上海
  				                    				                    				                    				                  >    				                  上海市",10公斤,https://www.rawmex.cn/sell-9770870.html
2026-09-07,POM,rawmex,POM,F20-02,13200.0,元/吨,"上海
  				                    				                    				                    				                  >    				                  上海市",10吨,https://www.rawmex.cn/sell-9770860.html
2026-09-07,POM,rawmex,POM,牌号:4520;,16500.0,元/吨,"江苏省
  				                    				                    				                    				                  >    				                  苏州市",8吨,https://www.rawmex.cn/sell-9770862.html
2026-09-07,POM,rawmex,POM,M90 云天化加纤10%,12800.0,元/吨,"上海
  				                    				                    				                    				                  >    				                  上海市",30吨,https://www.rawmex.cn/sell-9770856.html
2026-09-07,POM,rawmex,POM,100ST,44500.0,元/吨,"上海
  				                    				                    				                    				                  >    				                  上海市",6吨,https://www.rawmex.cn/sell-9770859.html
2026-09-07,POM,rawmex,POM,M90,13200.0,元/吨,"浙江省
  				                    				                    				                    				                  >    				                  宁波市",26吨,https://www.rawmex.cn/sell-9770852.html
2026-09-07,POM,rawmex,POM,M90-44,15600.0,元/吨,"浙江省
  				                    				                    				                    				                  >    				                  宁波市",20吨,https://www.rawmex.cn/sell-9770855.html
2026-09-07,POM,rawmex,POM,100P,43500.0,元/吨,"浙江省
  				                    				                    				                    				                  >    				                  宁波市",12吨,https://www.rawmex.cn/sell-9770847.html
2026-09-07,POM,rawmex,POM,UM-01,14200.0,元/吨,"上海
  				                    				                    				                    				                  >    				                  上海市",20吨,https://www.rawmex.cn/sell-9770846.html
2026-09-07,POM,rawmex,POM,M270,12100.0,元/吨,"江苏省
  				                    				                    				                    				                  >    				                  苏州市",32吨,https://www.rawmex.cn/sell-9770842.html
2026-09-07,POM,rawmex,POM,100P  NC010,45800.0,元/吨,"上海
  				                    				                    				                    				                  >    				                  上海市",10吨,https://www.rawmex.cn/sell-9770836.html
2026-09-07,POM,rawmex,POM,500CL,58000.0,元/吨,"江苏省
  				                    				                    				                    				                  >    				                  苏州市",10吨,https://www.rawmex.cn/sell-9770837.html
2026-09-07,POM,rawmex,POM,500P,35000.0,元/吨,"江苏省
  				                    				                    				                    				                  >    				                  苏州市",10吨,https://www.rawmex.cn/sell-9770839.html
2026-09-07,POM,rawmex,POM,K300,14000.0,元/吨,"上海
  				                    				                    				                    				                  >    				                  上海市",5吨,https://www.rawmex.cn/sell-9770840.html
2026-09-07,POM,rawmex,POM,30A,8500.0,元/吨,"江苏省
  				                    				                    				                    				                  >    				                  常州市",32吨,https://www.rawmex.cn/sell-9770832.html
2026-09-07,POM,rawmex,POM,M90,11500.0,元/吨,"浙江省
  				                    				                    				                    				                  >    				                  宁波市",32吨,https://www.rawmex.cn/sell-9770833.html
2026-09-07,POM,rawmex,POM,500AF,53000.0,元/吨,"浙江省
  				                    				                    				                    				                  >    				                  宁波市",10吨,https://www.rawmex.cn/sell-9770835.html
2026-09-07,POM,rawmex,POM,M90-43,16200.0,元/吨,"上海
  				                    				                    				                    				                  >    				                  上海市",10吨,https://www.rawmex.cn/sell-9770828.html
2026-09-07,PA6,rawmex,PA6,YH800,14200.0,元/吨,"上海
  				                    				                    				                    				                  >    				                  上海市",32吨,https://www.rawmex.cn/sell-9770882.html
2026-09-07,PA6,rawmex,PA6,1013B,17800.0,元/吨,"上海
  				                    				                    				                    				                  >    				                  上海市",22吨,https://www.rawmex.cn/sell-9770864.html
2026-09-07,PA6,rawmex,PA6,73G45L,18000.0,元/吨,"上海
  				                    				                    				                    				                  >    				                  上海市",10吨,https://www.rawmex.cn/sell-9770863.html
2026-09-07,PA66,rawmex,PA66,101L,27500.0,元/吨,"浙江省
  				                    				                    				                    				                  >    				                  宁波市",10公斤,https://www.rawmex.cn/sell-9770869.html
2026-09-07,PA66,rawmex,PA66,EPR27,19300.0,元/吨,"浙江省
  				                    				                    				                    				                  >    				                  宁波市",20吨,https://www.rawmex.cn/sell-9770865.html
2026-09-07,PA66,rawmex,PA66,牌号：NC010；用途：通用级；,38800.0,元/吨,"上海
  				                    				                    				                    				                  >    				                  上海市",16吨,https://www.rawmex.cn/sell-9770851.html
2026-09-07,PA66,rawmex,PA66,FR370,38400.0,元/吨,"上海
  				                    				                    				                    				                  >    				                  上海市",20吨,https://www.rawmex.cn/sell-9770853.html
2026-09-07,PA66,rawmex,PA66,A3WG6,29600.0,元/吨,"上海
  				                    				                    				                    				                  >    				                  上海市",10吨,https://www.rawmex.cn/sell-9770854.html
2026-09-07,PA66,rawmex,PA66,A3WG6,29600.0,元/吨,"浙江省
  				                    				                    				                    				                  >    				                  宁波市",10吨,https://www.rawmex.cn/sell-9770850.html
2026-09-07,PA66,rawmex,PA66,A3EG3,31200.0,元/吨,"江苏省
  				                    				                    				                    				                  >    				                  苏州市",32吨,https://www.rawmex.cn/sell-9770838.html
2026-09-07,PET,rawmex,PET,浙江万凯 水瓶级 浙江万凯,8300.0,元/吨,"浙江省
  				                    				                    				                    				                  >    				                  嘉兴市",100吨,https://www.rawmex.cn/sell-9775415.html
2026-09-07,PET,rawmex,PET,浙江万凯 水瓶级 浙江万凯,8300.0,元/吨,"浙江省
  				                    				                    				                    				                  >    				                  嘉兴市",100吨,https://www.rawmex.cn/sell-9775414.html
2026-09-07,PET,rawmex,PET,WK-881,8450.0,元/吨,"浙江省
  				                    				                    				                    				                  >    				                  宁波市",50吨,https://www.rawmex.cn/sell-9770892.html
2026-09-07,PET,rawmex,PET,WK-821,8450.0,元/吨,"浙江省
  				                    				                    				                    				                  >    				                  宁波市",50吨,https://www.rawmex.cn/sell-9770893.html
2026-09-07,PET,rawmex,PET,WK-801,8450.0,元/吨,"浙江省
  				                    				                    				                    				                  >    				                  宁波市",100吨,https://www.rawmex.cn/sell-9770895.html
2026-09-07,PET,rawmex,PET,8816,8500.0,元/吨,"江苏省
  				                    				                    				                    				                  >    				                  常州市",100吨,https://www.rawmex.cn/sell-9770896.html
2026-09-07,PET,rawmex,PET,CR-8863,8500.0,元/吨,"江苏省
  				                    				                    				                    				                  >    				                  常州市",50吨,https://www.rawmex.cn/sell-9770889.html
2026-09-07,PET,rawmex,PET,CR-8816,8500.0,元/吨,"江苏省
  				                    				                    				                    				                  >    				                  常州市",100吨,https://www.rawmex.cn/sell-9770890.html
2026-09-07,PET,rawmex,PET,CZ-328,8300.0,元/吨,"江苏省
  				                    				                    				                    				                  >    				                  常州市",50吨,https://www.rawmex.cn/sell-9770891.html
2026-09-07,PET,rawmex,PET,YS-C01,8450.0,元/吨,"上海
  				                    				                    				                    				                  >    				                  上海市",50吨,https://www.rawmex.cn/sell-9770885.html
2026-09-07,PET,rawmex,油料,YS-YO1,8450.0,元/吨,"上海
  				                    				                    				                    				                  >    				                  上海市",50吨,https://www.rawmex.cn/sell-9770887.html
2026-09-07,PET,rawmex,PET,CR-8839,8500.0,元/吨,"江苏省
  				                    				                    				                    				                  >    				                  常州市",100吨,https://www.rawmex.cn/sell-9770888.html
2026-09-07,PET,rawmex,PET,CZ-302,8250.0,元/吨,"江苏省
  				                    				                    				                    				                  >    				                  常州市",100吨,https://www.rawmex.cn/sell-9770884.html
2026-09-07,PET,rawmex,PET,"浙江万凯 水瓶级 浙江万凯 优等品,GB/T 17931-2018",8340.0,元/吨,"浙江省
  				                    				                    				                    				                  >    				                  嘉兴市",100吨,https://www.rawmex.cn/sell-9769595.html
2026-09-07,PET,rawmex,PET,YS-W01,8450.0,元/吨,"上海
  				                    				                    				                    				                  >    				                  上海市",50吨,https://www.rawmex.cn/sell-9770810.html
2026-09-07,PET,rawmex,PET,"浙江万凯 水瓶级 浙江万凯 优等品,GB/T 17931-2018",8300.0,元/吨,"浙江省
  				                    				                    				                    				                  >    				                  嘉兴市",100吨,https://www.rawmex.cn/sell-9770788.html
2026-09-07,PET,rawmex,PET,"三房巷 水瓶级 三房巷 优等品,GB/T 17931-2018",8250.0,元/吨,"江苏省
  				                    				                    				                    				                  >    				                  无锡市",60吨,https://www.rawmex.cn/sell-9770781.html
2026-09-07,PET,rawmex,PET,"三房巷 水瓶级 三房巷 优等品,GB/T 17931-2018",8250.0,元/吨,"江苏省
  				                    				                    				                    				                  >    				                  无锡市",90吨,https://www.rawmex.cn/sell-9769591.html
2026-09-07,PVC,rawmex,PVC,SG-5 优等品 中泰,4950.0,元/吨,"江苏省
  				                    				                    				                    				                  >    				                  常州市",100吨,https://www.rawmex.cn/sell-9771051.html
2026-09-07,PVC,rawmex,PVC,SG-5 优等品 中泰,4950.0,元/吨,"江苏省
  				                    				                    				                    				                  >    				                  常州市",100吨,https://www.rawmex.cn/sell-9771066.html
2026-09-07,PVC,rawmex,PVC,SG-5 优等品 中泰,4950.0,元/吨,"江苏省
  				                    				                    				                    				                  >    				                  常州市",100吨,https://www.rawmex.cn/sell-9771089.html
2026-09-07,PVC,rawmex,PVC,SG-5 优等品 鲁泰,4850.0,元/吨,"山东省
  				                    				                    				                    				                  >    				                  济宁市",100吨,https://www.rawmex.cn/sell-9770985.html
2026-09-07,PVC,rawmex,PVC,SG-5 优等品 鲁泰,4850.0,元/吨,"山东省
  				                    				                    				                    				                  >    				                  济宁市",100吨,https://www.rawmex.cn/sell-9770983.html
2026-09-07,PVC,rawmex,PVC,SG-5 优等品 鲁泰,4850.0,元/吨,"山东省
  				                    				                    				                    				                  >    				                  济宁市",100吨,https://www.rawmex.cn/sell-9770980.html
2026-09-07,PVC,rawmex,PVC,SG-5 优等品 鲁泰,4850.0,元/吨,"山东省
  				                    				                    				                    				                  >    				                  济宁市",100吨,https://www.rawmex.cn/sell-9770977.html
2026-09-07,PVC,rawmex,PVC,SG-5 优等品 鲁泰,4850.0,元/吨,"山东省
  				                    				                    				                    				                  >    				                  济宁市",100吨,https://www.rawmex.cn/sell-9770974.html
2026-09-07,PVC,rawmex,PVC,SG-5 优等品 信发,4800.0,元/吨,"山东省
  				                    				                    				                    				                  >    				                  聊城市",100吨,https://www.rawmex.cn/sell-9770963.html
2026-09-07,PVC,rawmex,PVC,SG-5 优等品 信发,4800.0,元/吨,"山东省
  				                    				                    				                    				                  >    				                  聊城市",100吨,https://www.rawmex.cn/sell-9770962.html
2026-09-07,PVC,rawmex,PVC,SG-5 优等品 信发,4800.0,元/吨,"山东省
  				                    				                    				                    				                  >    				                  聊城市",100吨,https://www.rawmex.cn/sell-9770960.html
2026-09-07,PVC,rawmex,PVC,SG-5 优等品 信发,4800.0,元/吨,"山东省
  				                    				                    				                    				                  >    				                  聊城市",100吨,https://www.rawmex.cn/sell-9770957.html
2026-09-07,PVC,rawmex,PVC,SG-5 优等品 信发,4800.0,元/吨,"山东省
  				                    				                    				                    				                  >    				                  聊城市",100吨,https://www.rawmex.cn/sell-9770955.html
2026-09-07,LDPE,rawmex,LDPE,Q281,12500.0,元/吨,"上海
  				                    				                    				                    				                  >    				                  上海市",20吨,https://www.rawmex.cn/sell-9770879.html
2026-09-08,ABS,cngold,ABS,通用级,11166.67,（元/吨）,,,https://m.cngold.org/price/jg10745051.html
2026-09-08,HDPE,cngold,HDPE,牌号:5000S;用途级别:拉丝级,10900.0,（元/吨）,,,https://m.cngold.org/price/jg10745046.html
2026-09-08,LDPE,cngold,LDPE,牌号:2426H;用途级别:薄膜级,11900.0,（元/吨）,,,https://m.cngold.org/price/jg10745045.html
2026-09-08,PC,cngold,PC,通用级,14766.67,（元/吨）,,,https://m.cngold.org/price/jg10745049.html
2026-09-08,PE,cngold,PE,薄膜料,9255.0,（元/吨）,,,https://m.cngold.org/price/jg10745004.html
2026-09-08,PET,cngold,PET,用途级别:水瓶级,8267.08,（元/吨）,,,https://m.cngold.org/price/jg10745047.html
2026-09-08,POM,cngold,POM,MC90,11500.0,（元/吨）,,,https://m.cngold.org/price/jg10745017.html
2026-09-08,PP,cngold,PP(纤维),牌号:Z30S;用途级别:纤维级,9512.5,（元/吨）,,,https://m.cngold.org/price/jg10745053.html
2026-09-08,PP,cngold,PP(拉丝),L5E89,9650.0,（元/吨）,,,https://m.cngold.org/price/jg10745053.html
2026-09-08,PS,cngold,PS,牌号:525;用途级别:注塑级,10700.0,（元/吨）,,,https://m.cngold.org/price/jg10745052.html
2026-09-08,PVC,cngold,PVC,SG-5 优等品,4965.0,（元/吨）,,,https://m.cngold.org/price/jg10745054.html
2026-09-08,PP,rawmex,PP,镇海炼化 T30S,11600.0,元/吨,"浙江省
  				                    				                    				                    				                  >    				                  宁波市",27吨,https://www.rawmex.cn/sell-9806885.html
2026-09-08,PP,rawmex,PP,镇海炼化 T30S,11500.0,元/吨,"浙江省
  				                    				                    				                    				                  >    				                  宁波市",27吨,https://www.rawmex.cn/sell-9806884.html
2026-09-08,PP,rawmex,PP,镇海炼化 T30S,11300.0,元/吨,"浙江省
  				                    				                    				                    				                  >    				                  宁波市",27吨,https://www.rawmex.cn/sell-9806883.html
2026-09-08,PP,rawmex,PP,抚顺石化 L5E89,9700.0,元/吨,"山东省
  				                    				                    				                    				                  >    				                  临沂市",99吨,https://www.rawmex.cn/sell-9806882.html
2026-09-08,PP,rawmex,PP,抚顺石化 L5E89,9600.0,元/吨,"山东省
  				                    				                    				                    				                  >    				                  临沂市",66吨,https://www.rawmex.cn/sell-9806881.html
2026-09-08,PP,rawmex,PP,抚顺石化 L5E89,9650.0,元/吨,"山东省
  				                    				                    				                    				                  >    				                  临沂市",66吨,https://www.rawmex.cn/sell-9806879.html
2026-09-08,PP,rawmex,PP,M800E,10800.0,元/吨,上海,20吨,https://www.rawmex.cn/sell-9805163.html
2026-09-08,PP,rawmex,PP,5200XT,10700.0,元/吨,"江苏省
  				                    				                    				                    				                  >    				                  苏州市",32吨,https://www.rawmex.cn/sell-9805159.html
2026-09-08,PP,rawmex,PP,5250T,10600.0,元/吨,"上海
  				                    				                    				                    				                  >    				                  上海市",32吨,https://www.rawmex.cn/sell-9805157.html
2026-09-08,PP,rawmex,PP,M800E,10800.0,元/吨,上海,20吨,https://www.rawmex.cn/sell-9805080.html
2026-09-08,PP,rawmex,PP,5250T,10600.0,元/吨,"上海
  				                    				                    				                    				                  >    				                  上海市",32吨,https://www.rawmex.cn/sell-9805073.html
2026-09-08,PP,rawmex,PP,5200XT,10700.0,元/吨,"江苏省
  				                    				                    				                    				                  >    				                  苏州市",32吨,https://www.rawmex.cn/sell-9805075.html
2026-09-08,PP,rawmex,PP,中煤 L5E89,9700.0,元/吨,"浙江省
  				                    				                    				                    				                  >    				                  金华市",33吨,https://www.rawmex.cn/sell-9804344.html
2026-09-08,PP,rawmex,PP,中煤 L5E89,9680.0,元/吨,"浙江省
  				                    				                    				                    				                  >    				                  杭州市",34吨,https://www.rawmex.cn/sell-9799496.html
2026-09-08,PP,rawmex,PP,中煤 L5E89,9690.0,元/吨,"浙江省
  				                    				                    				                    				                  >    				                  金华市",66吨,https://www.rawmex.cn/sell-9797203.html
2026-09-08,PP,rawmex,PP,牌号:T30S;用途级别:拉丝级;,10700.0,元/吨,湖北省,30.0吨,https://www.rawmex.cn/sell-9780113.html
2026-09-08,ABS,rawmex,ABS,吉林石化 0215A,11300.0,元/吨,"广东省
  				                    				                    				                    				                  >    				                  揭阳市",64吨,https://www.rawmex.cn/sell-9806851.html
2026-09-08,ABS,rawmex,ABS,DG-417,12500.0,元/吨,"上海
  				                    				                    				                    				                  >    				                  上海市",32吨,https://www.rawmex.cn/sell-9805216.html
2026-09-08,ABS,rawmex,ABS,D-1000,18800.0,元/吨,"上海
  				                    				                    				                    				                  >    				                  上海市",10吨,https://www.rawmex.cn/sell-9805211.html
2026-09-08,ABS,rawmex,ABS,PA-758,17500.0,元/吨,"上海
  				                    				                    				                    				                  >    				                  上海市",15吨,https://www.rawmex.cn/sell-9805212.html
2026-09-08,ABS,rawmex,ABS,HI-121H,12000.0,元/吨,"上海
  				                    				                    				                    				                  >    				                  上海市",32吨,https://www.rawmex.cn/sell-9805158.html
2026-09-08,ABS,rawmex,ABS,规格：PA-765A,32300.0,元/吨,"江苏省
  				                    				                    				                    				                  >    				                  常州市",15吨,https://www.rawmex.cn/sell-9805149.html
2026-09-08,ABS,rawmex,ABS,PA-757K,12700.0,元/吨,"上海
  				                    				                    				                    				                  >    				                  上海市",32吨,https://www.rawmex.cn/sell-9805152.html
2026-09-08,ABS,rawmex,ABS,DG-417,12500.0,元/吨,"上海
  				                    				                    				                    				                  >    				                  上海市",32吨,https://www.rawmex.cn/sell-9805133.html
2026-09-08,ABS,rawmex,ABS,PA-758,17500.0,元/吨,"上海
  				                    				                    				                    				                  >    				                  上海市",15吨,https://www.rawmex.cn/sell-9805127.html
2026-09-08,ABS,rawmex,ABS,D-1000,18800.0,元/吨,"上海
  				                    				                    				                    				                  >    				                  上海市",10吨,https://www.rawmex.cn/sell-9805126.html
2026-09-08,ABS,rawmex,ABS,HI-121H,12000.0,元/吨,"上海
  				                    				                    				                    				                  >    				                  上海市",32吨,https://www.rawmex.cn/sell-9805074.html
2026-09-08,ABS,rawmex,ABS,PA-757K,12700.0,元/吨,"上海
  				                    				                    				                    				                  >    				                  上海市",32吨,https://www.rawmex.cn/sell-9805068.html
2026-09-08,ABS,rawmex,ABS,规格：PA-765A,32300.0,元/吨,"江苏省
  				                    				                    				                    				                  >    				                  常州市",15吨,https://www.rawmex.cn/sell-9805065.html
2026-09-08,ABS,rawmex,ABS,吉林石化 0215A,11050.0,元/吨,"广东省
  				                    				                    				                    				                  >    				                  东莞市",64吨,https://www.rawmex.cn/sell-9804443.html
2026-09-08,ABS,rawmex,ABS,吉林石化 0215A,11150.0,元/吨,"广东省
  				                    				                    				                    				                  >    				                  揭阳市",64吨,https://www.rawmex.cn/sell-9804441.html
2026-09-08,PC,rawmex,PC,鲁西化工 LXTY1609T-11,14800.0,元/吨,"广东省
  				                    				                    				                    				                  >    				                  东莞市",80吨,https://www.rawmex.cn/sell-9806854.html
2026-09-08,PC,rawmex,PC,鲁西化工 LXTY1609T-11,14750.0,元/吨,"广东省
  				                    				                    				                    				                  >    				                  东莞市",80吨,https://www.rawmex.cn/sell-9806853.html
2026-09-08,PC,rawmex,PC,鲁西化工 LXTY1609T-11,14750.0,元/吨,"广东省
  				                    				                    				                    				                  >    				                  汕头市",80吨,https://www.rawmex.cn/sell-9806852.html
2026-09-08,PC,rawmex,PC,PC-110,18600.0,元/吨,"上海
  				                    				                    				                    				                  >    				                  上海市",10吨,https://www.rawmex.cn/sell-9805214.html
2026-09-08,PC,rawmex,PC,141R-111,15800.0,元/吨,"上海
  				                    				                    				                    				                  >    				                  上海市",30吨,https://www.rawmex.cn/sell-9805215.html
2026-09-08,PC,rawmex,PC,LED2245  000000,36300.0,元/吨,"上海
  				                    				                    				                    				                  >    				                  上海市",5吨,https://www.rawmex.cn/sell-9805209.html
2026-09-08,PC,rawmex,PC,2805,16200.0,元/吨,"上海
  				                    				                    				                    				                  >    				                  上海市",10吨,https://www.rawmex.cn/sell-9805210.html
2026-09-08,PC,rawmex,PC,940,18800.0,元/吨,"上海
  				                    				                    				                    				                  >    				                  上海市",10吨,https://www.rawmex.cn/sell-9805207.html
2026-09-08,PC,rawmex,PC,2407,17600.0,元/吨,"上海
  				                    				                    				                    				                  >    				                  上海市",10吨,https://www.rawmex.cn/sell-9805155.html
2026-09-08,PC,rawmex,PC,牌号1100,15800.0,元/吨,"江苏省
  				                    				                    				                    				                  >    				                  苏州市",10吨,https://www.rawmex.cn/sell-9805156.html
2026-09-08,PC,rawmex,PC,141R-111,15800.0,元/吨,"上海
  				                    				                    				                    				                  >    				                  上海市",30吨,https://www.rawmex.cn/sell-9805130.html
2026-09-08,PC,rawmex,PC,PC-110,18600.0,元/吨,"上海
  				                    				                    				                    				                  >    				                  上海市",10吨,https://www.rawmex.cn/sell-9805128.html
2026-09-08,PC,rawmex,PC,LED2245  000000,36300.0,元/吨,"上海
  				                    				                    				                    				                  >    				                  上海市",5吨,https://www.rawmex.cn/sell-9805124.html
2026-09-08,PC,rawmex,PC,2805,16200.0,元/吨,"上海
  				                    				                    				                    				                  >    				                  上海市",10吨,https://www.rawmex.cn/sell-9805125.html
2026-09-08,PC,rawmex,PC,940,18800.0,元/吨,"上海
  				                    				                    				                    				                  >    				                  上海市",10吨,https://www.rawmex.cn/sell-9805122.html
2026-09-08,PC,rawmex,PC,2407,17600.0,元/吨,"上海
  				                    				                    				                    				                  >    				                  上海市",10吨,https://www.rawmex.cn/sell-9805071.html
2026-09-08,PC,rawmex,PC,牌号1100,15800.0,元/吨,"江苏省
  				                    				                    				                    				                  >    				                  苏州市",10吨,https://www.rawmex.cn/sell-9805072.html
2026-09-08,POM,rawmex,POM,F20-02,12800.0,元/吨,"浙江省
  				                    				                    				                    				                  >    				                  宁波市",15吨,https://www.rawmex.cn/sell-9805217.html
2026-09-08,POM,rawmex,POM,牌号：M90；用途级别：注塑级,12800.0,元/吨,"上海
  				                    				                    				                    				                  >    				                  上海市",10吨,https://www.rawmex.cn/sell-9805208.html
2026-09-08,POM,rawmex,POM,MC90,9300.0,元/吨,"江苏省
  				                    				                    				                    				                  >    				                  苏州市",32吨,https://www.rawmex.cn/sell-9805203.html
2026-09-08,POM,rawmex,POM,注塑级;,11600.0,元/吨,"上海
  				                    				                    				                    				                  >    				                  上海市",32吨,https://www.rawmex.cn/sell-9805204.html
2026-09-08,POM,rawmex,POM,F20-03,13200.0,元/吨,"上海
  				                    				                    				                    				                  >    				                  上海市",10吨,https://www.rawmex.cn/sell-9805205.html
2026-09-08,POM,rawmex,POM,C9021,12400.0,元/吨,"上海
  				                    				                    				                    				                  >    				                  上海市",10吨,https://www.rawmex.cn/sell-9805206.html
2026-09-08,POM,rawmex,POM,注塑级;,12200.0,元/吨,"上海
  				                    				                    				                    				                  >    				                  上海市",32吨,https://www.rawmex.cn/sell-9805199.html
2026-09-08,POM,rawmex,POM,牌号:4520;,15800.0,元/吨,"上海
  				                    				                    				                    				                  >    				                  上海市",10吨,https://www.rawmex.cn/sell-9805200.html
2026-09-08,POM,rawmex,POM,M90-43,16200.0,元/吨,"上海
  				                    				                    				                    				                  >    				                  上海市",10吨,https://www.rawmex.cn/sell-9805201.html
2026-09-08,POM,rawmex,POM,100P,46500.0,元/吨,"上海
  				                    				                    				                    				                  >    				                  上海市",10吨,https://www.rawmex.cn/sell-9805202.html
2026-09-08,POM,rawmex,POM,500AF,53000.0,元/吨,"浙江省
  				                    				                    				                    				                  >    				                  宁波市",10吨,https://www.rawmex.cn/sell-9805194.html
2026-09-08,POM,rawmex,POM,M90,11500.0,元/吨,"浙江省
  				                    				                    				                    				                  >    				                  宁波市",32吨,https://www.rawmex.cn/sell-9805196.html
2026-09-08,POM,rawmex,POM,30A,8500.0,元/吨,"江苏省
  				                    				                    				                    				                  >    				                  常州市",32吨,https://www.rawmex.cn/sell-9805197.html
2026-09-08,POM,rawmex,POM,500P,35000.0,元/吨,"江苏省
  				                    				                    				                    				                  >    				                  苏州市",10吨,https://www.rawmex.cn/sell-9805189.html
2026-09-08,POM,rawmex,POM,500CL,58000.0,元/吨,"江苏省
  				                    				                    				                    				                  >    				                  苏州市",10吨,https://www.rawmex.cn/sell-9805192.html
2026-09-08,POM,rawmex,POM,100P  NC010,45800.0,元/吨,"上海
  				                    				                    				                    				                  >    				                  上海市",10吨,https://www.rawmex.cn/sell-9805193.html
2026-09-08,POM,rawmex,POM,M270,12100.0,元/吨,"江苏省
  				                    				                    				                    				                  >    				                  苏州市",32吨,https://www.rawmex.cn/sell-9805187.html
2026-09-08,POM,rawmex,POM,K300,14000.0,元/吨,"上海
  				                    				                    				                    				                  >    				                  上海市",5吨,https://www.rawmex.cn/sell-9805188.html
2026-09-08,POM,rawmex,POM,UM-01,14200.0,元/吨,"上海
  				                    				                    				                    				                  >    				                  上海市",20吨,https://www.rawmex.cn/sell-9805183.html
2026-09-08,POM,rawmex,POM,100P,43500.0,元/吨,"浙江省
  				                    				                    				                    				                  >    				                  宁波市",12吨,https://www.rawmex.cn/sell-9805182.html
2026-09-08,PA6,rawmex,PA6,1013B,17800.0,元/吨,"上海
  				                    				                    				                    				                  >    				                  上海市",22吨,https://www.rawmex.cn/sell-9805166.html
2026-09-08,PA6,rawmex,PA6,73G45L,18000.0,元/吨,"上海
  				                    				                    				                    				                  >    				                  上海市",10吨,https://www.rawmex.cn/sell-9805167.html
2026-09-08,PA6,rawmex,PA6,YH800,14300.0,元/吨,"上海
  				                    				                    				                    				                  >    				                  上海市",32吨,https://www.rawmex.cn/sell-9805150.html
2026-09-08,PA6,rawmex,PA6,73G45L,18000.0,元/吨,"上海
  				                    				                    				                    				                  >    				                  上海市",10吨,https://www.rawmex.cn/sell-9805084.html
2026-09-08,PA6,rawmex,PA6,1013B,17800.0,元/吨,"上海
  				                    				                    				                    				                  >    				                  上海市",22吨,https://www.rawmex.cn/sell-9805083.html
2026-09-08,PA6,rawmex,PA6,YH800,14300.0,元/吨,"上海
  				                    				                    				                    				                  >    				                  上海市",32吨,https://www.rawmex.cn/sell-9805066.html
2026-09-08,PA66,rawmex,PA66,A3EG3,31200.0,元/吨,"江苏省
  				                    				                    				                    				                  >    				                  苏州市",32吨,https://www.rawmex.cn/sell-9805190.html
2026-09-08,PA66,rawmex,PA66,牌号：NC010；用途：通用级；,38800.0,元/吨,"上海
  				                    				                    				                    				                  >    				                  上海市",16吨,https://www.rawmex.cn/sell-9805179.html
2026-09-08,PA66,rawmex,PA66,A3WG6,29600.0,元/吨,"浙江省
  				                    				                    				                    				                  >    				                  宁波市",10吨,https://www.rawmex.cn/sell-9805180.html
2026-09-08,PA66,rawmex,PA66,A3WG6,29600.0,元/吨,"上海
  				                    				                    				                    				                  >    				                  上海市",10吨,https://www.rawmex.cn/sell-9805176.html
2026-09-08,PA66,rawmex,PA66,FR370,38400.0,元/吨,"上海
  				                    				                    				                    				                  >    				                  上海市",20吨,https://www.rawmex.cn/sell-9805177.html
2026-09-08,PA66,rawmex,PA66,EPR27,19300.0,元/吨,"浙江省
  				                    				                    				                    				                  >    				                  宁波市",20吨,https://www.rawmex.cn/sell-9805165.html
2026-09-08,PA66,rawmex,PA66,101L,27500.0,元/吨,"浙江省
  				                    				                    				                    				                  >    				                  宁波市",10公斤,https://www.rawmex.cn/sell-9805161.html
2026-09-08,PA66,rawmex,PA66,A3EG3,31200.0,元/吨,"江苏省
  				                    				                    				                    				                  >    				                  苏州市",32吨,https://www.rawmex.cn/sell-9805106.html
2026-09-08,PA66,rawmex,PA66,牌号：NC010；用途：通用级；,38800.0,元/吨,"上海
  				                    				                    				                    				                  >    				                  上海市",16吨,https://www.rawmex.cn/sell-9805095.html
2026-09-08,PA66,rawmex,PA66,A3WG6,29600.0,元/吨,"浙江省
  				                    				                    				                    				                  >    				                  宁波市",10吨,https://www.rawmex.cn/sell-9805096.html
2026-09-08,PA66,rawmex,PA66,A3WG6,29600.0,元/吨,"上海
  				                    				                    				                    				                  >    				                  上海市",10吨,https://www.rawmex.cn/sell-9805092.html
2026-09-08,PA66,rawmex,PA66,FR370,38400.0,元/吨,"上海
  				                    				                    				                    				                  >    				                  上海市",20吨,https://www.rawmex.cn/sell-9805093.html
2026-09-08,PA66,rawmex,PA66,EPR27,19300.0,元/吨,"浙江省
  				                    				                    				                    				                  >    				                  宁波市",20吨,https://www.rawmex.cn/sell-9805082.html
2026-09-08,PA66,rawmex,PA66,101L,27500.0,元/吨,"浙江省
  				                    				                    				                    				                  >    				                  宁波市",10公斤,https://www.rawmex.cn/sell-9805077.html
2026-09-08,PET,rawmex,PET,"浙江万凯 水瓶级 浙江万凯 优等品,GB/T 17931-2018",8300.0,元/吨,"浙江省
  				                    				                    				                    				                  >    				                  嘉兴市",60吨,https://www.rawmex.cn/sell-9806866.html
2026-09-08,PET,rawmex,PET,"浙江万凯 水瓶级 浙江万凯 优等品,GB/T 17931-2018",8280.0,元/吨,"浙江省
  				                    				                    				                    				                  >    				                  嘉兴市",100吨,https://www.rawmex.cn/sell-9806811.html
2026-09-08,PET,rawmex,PET,"三房巷 水瓶级 三房巷 优等品,GB/T 17931-2018",8270.0,元/吨,"江苏省
  				                    				                    				                    				                  >    				                  无锡市",30吨,https://www.rawmex.cn/sell-9806810.html
2026-09-08,PET,rawmex,PET,"浙江万凯 水瓶级 浙江万凯 优等品,GB/T 17931-2018",8280.0,元/吨,"浙江省
  				                    				                    				                    				                  >    				                  嘉兴市",100吨,https://www.rawmex.cn/sell-9806806.html
2026-09-08,PET,rawmex,PET,"三房巷 水瓶级 三房巷 优等品,GB/T 17931-2018",8280.0,元/吨,"江苏省
  				                    				                    				                    				                  >    				                  无锡市",60吨,https://www.rawmex.cn/sell-9806805.html
2026-09-08,PET,rawmex,PET,"浙江万凯 水瓶级 浙江万凯 优等品,GB/T 17931-2018",8280.0,元/吨,"浙江省
  				                    				                    				                    				                  >    				                  嘉兴市",100吨,https://www.rawmex.cn/sell-9805495.html
2026-09-08,PET,rawmex,PET,"三房巷 水瓶级 三房巷 优等品,GB/T 17931-2018",8260.0,元/吨,"江苏省
  				                    				                    				                    				                  >    				                  无锡市",90吨,https://www.rawmex.cn/sell-9805487.html
2026-09-08,PET,rawmex,PET,"浙江万凯 水瓶级 浙江万凯 优等品,GB/T 17931-2018",8300.0,元/吨,"浙江省
  				                    				                    				                    				                  >    				                  嘉兴市",60吨,https://www.rawmex.cn/sell-9805478.html
2026-09-08,PET,rawmex,PET,"三房巷 水瓶级 三房巷 优等品,GB/T 17931-2018",8300.0,元/吨,"江苏省
  				                    				                    				                    				                  >    				                  无锡市",90吨,https://www.rawmex.cn/sell-9805475.html
2026-09-08,PET,rawmex,PET,YS-W01,8450.0,元/吨,"上海
  				                    				                    				                    				                  >    				                  上海市",50吨,https://www.rawmex.cn/sell-9805218.html
2026-09-08,PET,rawmex,油料,YS-YO1,8450.0,元/吨,"上海
  				                    				                    				                    				                  >    				                  上海市",50吨,https://www.rawmex.cn/sell-9805142.html
2026-09-08,PET,rawmex,PET,YS-C01,8450.0,元/吨,"上海
  				                    				                    				                    				                  >    				                  上海市",50吨,https://www.rawmex.cn/sell-9805144.html
2026-09-08,PET,rawmex,PET,CZ-302,8250.0,元/吨,"江苏省
  				                    				                    				                    				                  >    				                  常州市",100吨,https://www.rawmex.cn/sell-9805147.html
2026-09-08,PET,rawmex,PET,CZ-328,8300.0,元/吨,"江苏省
  				                    				                    				                    				                  >    				                  常州市",50吨,https://www.rawmex.cn/sell-9805136.html
2026-09-08,PET,rawmex,PET,YS-W01,8450.0,元/吨,"上海
  				                    				                    				                    				                  >    				                  上海市",50吨,https://www.rawmex.cn/sell-9805137.html
2026-09-08,PET,rawmex,PET,CR-8816,8500.0,元/吨,"江苏省
  				                    				                    				                    				                  >    				                  常州市",100吨,https://www.rawmex.cn/sell-9805138.html
2026-09-08,PET,rawmex,PET,CR-8863,8500.0,元/吨,"江苏省
  				                    				                    				                    				                  >    				                  常州市",50吨,https://www.rawmex.cn/sell-9805139.html
2026-09-08,PET,rawmex,PET,CR-8839,8500.0,元/吨,"江苏省
  				                    				                    				                    				                  >    				                  常州市",100吨,https://www.rawmex.cn/sell-9805140.html
2026-09-08,PET,rawmex,PET,8816,8500.0,元/吨,"江苏省
  				                    				                    				                    				                  >    				                  常州市",100吨,https://www.rawmex.cn/sell-9805129.html
2026-09-08,PET,rawmex,PET,WK-801,8450.0,元/吨,"浙江省
  				                    				                    				                    				                  >    				                  宁波市",100吨,https://www.rawmex.cn/sell-9805131.html
2026-09-08,PVC,rawmex,PVC,SG-5 优等品 中泰,5000.0,元/吨,"江苏省
  				                    				                    				                    				                  >    				                  常州市",100吨,https://www.rawmex.cn/sell-9801388.html
2026-09-08,PVC,rawmex,PVC,SG-5 优等品 中泰,5000.0,元/吨,"江苏省
  				                    				                    				                    				                  >    				                  常州市",100吨,https://www.rawmex.cn/sell-9801382.html
2026-09-08,PVC,rawmex,PVC,SG-5 优等品 中泰,5000.0,元/吨,"江苏省
  				                    				                    				                    				                  >    				                  常州市",100吨,https://www.rawmex.cn/sell-9801376.html
2026-09-08,PVC,rawmex,PVC,SG-5 优等品 鲁泰,4900.0,元/吨,"山东省
  				                    				                    				                    				                  >    				                  济宁市",100吨,https://www.rawmex.cn/sell-9801339.html
2026-09-08,PVC,rawmex,PVC,SG-5 优等品 鲁泰,4900.0,元/吨,"山东省
  				                    				                    				                    				                  >    				                  济宁市",100吨,https://www.rawmex.cn/sell-9801330.html
2026-09-08,PVC,rawmex,PVC,SG-5 优等品 鲁泰,4900.0,元/吨,"山东省
  				                    				                    				                    				                  >    				                  济宁市",100吨,https://www.rawmex.cn/sell-9801314.html
2026-09-08,PVC,rawmex,PVC,SG-5 优等品 鲁泰,4900.0,元/吨,"山东省
  				                    				                    				                    				                  >    				                  济宁市",100吨,https://www.rawmex.cn/sell-9801299.html
2026-09-08,PVC,rawmex,PVC,SG-5 优等品 鲁泰,4900.0,元/吨,"山东省
  				                    				                    				                    				                  >    				                  济宁市",100吨,https://www.rawmex.cn/sell-9801283.html
2026-09-08,PVC,rawmex,PVC,SG-5 优等品 信发,4870.0,元/吨,"山东省
  				                    				                    				                    				                  >    				                  聊城市",100吨,https://www.rawmex.cn/sell-9801188.html
2026-09-08,PVC,rawmex,PVC,SG-5 优等品 信发,4870.0,元/吨,"山东省
  				                    				                    				                    				                  >    				                  聊城市",100吨,https://www.rawmex.cn/sell-9801218.html
2026-09-08,PVC,rawmex,PVC,SG-5 优等品 信发,4870.0,元/吨,"山东省
  				                    				                    				                    				                  >    				                  聊城市",100吨,https://www.rawmex.cn/sell-9801145.html
2026-09-08,PVC,rawmex,PVC,SG-5 优等品 信发,4870.0,元/吨,"山东省
  				                    				                    				                    				                  >    				                  聊城市",100吨,https://www.rawmex.cn/sell-9801155.html
2026-09-08,PVC,rawmex,PVC,SG-5 优等品 信发,4870.0,元/吨,"山东省
  				                    				                    				                    				                  >    				                  聊城市",100吨,https://www.rawmex.cn/sell-9801142.html
2026-09-08,LDPE,rawmex,LDPE,Q281,12400.0,元/吨,"上海
  				                    				                    				                    				                  >    				                  上海市",20吨,https://www.rawmex.cn/sell-9805153.html
2026-09-08,LDPE,rawmex,LDPE,Q281,12400.0,元/吨,"上海
  				                    				                    				                    				                  >    				                  上海市",20吨,https://www.rawmex.cn/sell-9805069.html
2026-09-09,ABS,cngold,ABS,通用级,11233.33,（元/吨）,,,https://m.cngold.org/price/jg10747772.html
2026-09-09,HDPE,cngold,HDPE,牌号:5000S;用途级别:拉丝级,10925.0,（元/吨）,,,https://m.cngold.org/price/jg10747767.html
2026-09-09,LDPE,cngold,LDPE,牌号:2426H;用途级别:薄膜级,11950.0,（元/吨）,,,https://m.cngold.org/price/jg10747766.html
2026-09-09,PC,cngold,PC,通用级,14883.33,（元/吨）,,,https://m.cngold.org/price/jg10747770.html
2026-09-09,PE,cngold,PE,薄膜料,9338.33,（元/吨）,,,https://m.cngold.org/price/jg10747724.html
2026-09-09,PET,cngold,PET,用途级别:水瓶级,8292.08,（元/吨）,,,https://m.cngold.org/price/jg10747768.html
2026-09-09,POM,cngold,POM,MC90,11500.0,（元/吨）,,,https://m.cngold.org/price/jg10747737.html
2026-09-09,PP,cngold,PP(纤维),牌号:Z30S;用途级别:纤维级,9587.5,（元/吨）,,,https://m.cngold.org/price/jg10747774.html
2026-09-09,PP,cngold,PP(拉丝),L5E89,9716.67,（元/吨）,,,https://m.cngold.org/price/jg10747774.html
2026-09-09,PS,cngold,PS,牌号:525;用途级别:注塑级,10750.0,（元/吨）,,,https://m.cngold.org/price/jg10747773.html
2026-09-09,PVC,cngold,PVC,SG-5 优等品,4947.0,（元/吨）,,,https://m.cngold.org/price/jg10747775.html
2026-09-09,PP,rawmex,PP,镇海炼化 T30S,11500.0,元/吨,"浙江省
  				                    				                    				                    				                  >    				                  宁波市",27吨,https://www.rawmex.cn/sell-9829857.html
2026-09-09,PP,rawmex,PP,镇海炼化 T30S,11600.0,元/吨,"浙江省
  				                    				                    				                    				                  >    				                  宁波市",27吨,https://www.rawmex.cn/sell-9829856.html
2026-09-09,PP,rawmex,PP,镇海炼化 T30S,11600.0,元/吨,"浙江省
  				                    				                    				                    				                  >    				                  宁波市",27吨,https://www.rawmex.cn/sell-9829855.html
2026-09-09,PP,rawmex,PP,抚顺石化 L5E89,9750.0,元/吨,"山东省
  				                    				                    				                    				                  >    				                  临沂市",66吨,https://www.rawmex.cn/sell-9829364.html
2026-09-09,PP,rawmex,PP,抚顺石化 L5E89,9700.0,元/吨,"山东省
  				                    				                    				                    				                  >    				                  临沂市",99吨,https://www.rawmex.cn/sell-9829361.html
2026-09-09,PP,rawmex,PP,抚顺石化 L5E89,9700.0,元/吨,"山东省
  				                    				                    				                    				                  >    				                  临沂市",66吨,https://www.rawmex.cn/sell-9829353.html
2026-09-09,PP,rawmex,PP,中煤 L5E89,9780.0,元/吨,"浙江省
  				                    				                    				                    				                  >    				                  杭州市",34吨,https://www.rawmex.cn/sell-9828105.html
2026-09-09,PP,rawmex,PP,中煤 L5E89,9850.0,元/吨,"浙江省
  				                    				                    				                    				                  >    				                  金华市",33吨,https://www.rawmex.cn/sell-9827374.html
2026-09-09,PP,rawmex,PP,中煤 L5E89,9800.0,元/吨,"浙江省
  				                    				                    				                    				                  >    				                  金华市",66吨,https://www.rawmex.cn/sell-9821810.html
2026-09-09,PP,rawmex,PP,牌号:T30S;用途级别:拉丝级;,10700.0,元/吨,湖北省,30.0吨,https://www.rawmex.cn/sell-9814767.html
2026-09-09,ABS,rawmex,ABS,吉林石化 0215A,11250.0,元/吨,"广东省
  				                    				                    				                    				                  >    				                  揭阳市",64吨,https://www.rawmex.cn/sell-9829330.html
2026-09-09,ABS,rawmex,ABS,吉林石化 0215A,11250.0,元/吨,"广东省
  				                    				                    				                    				                  >    				                  揭阳市",64吨,https://www.rawmex.cn/sell-9828308.html
2026-09-09,ABS,rawmex,ABS,吉林石化 0215A,11200.0,元/吨,"广东省
  				                    				                    				                    				                  >    				                  东莞市",64吨,https://www.rawmex.cn/sell-9828246.html
2026-09-09,PC,rawmex,PC,鲁西化工 LXTY1609T-11,15000.0,元/吨,"广东省
  				                    				                    				                    				                  >    				                  东莞市",80吨,https://www.rawmex.cn/sell-9829338.html
2026-09-09,PC,rawmex,PC,鲁西化工 LXTY1609T-11,14800.0,元/吨,"广东省
  				                    				                    				                    				                  >    				                  东莞市",80吨,https://www.rawmex.cn/sell-9829336.html
2026-09-09,PC,rawmex,PC,鲁西化工 LXTY1609T-11,14850.0,元/吨,"广东省
  				                    				                    				                    				                  >    				                  汕头市",80吨,https://www.rawmex.cn/sell-9829335.html
2026-09-09,PET,rawmex,PET,浙江万凯 水瓶级 浙江万凯,8400.0,元/吨,"浙江省
  				                    				                    				                    				                  >    				                  嘉兴市",100吨,https://www.rawmex.cn/sell-9829448.html
2026-09-09,PET,rawmex,PET,浙江万凯 水瓶级 浙江万凯,8400.0,元/吨,"浙江省
  				                    				                    				                    				                  >    				                  嘉兴市",100吨,https://www.rawmex.cn/sell-9829441.html
2026-09-09,PET,rawmex,PET,浙江万凯 水瓶级 浙江万凯,8430.0,元/吨,"浙江省
  				                    				                    				                    				                  >    				                  嘉兴市",100吨,https://www.rawmex.cn/sell-9828391.html
2026-09-09,PET,rawmex,PET,浙江万凯 水瓶级 浙江万凯,8430.0,元/吨,"浙江省
  				                    				                    				                    				                  >    				                  嘉兴市",100吨,https://www.rawmex.cn/sell-9828389.html
2026-09-09,PET,rawmex,PET,浙江万凯 水瓶级 浙江万凯,8400.0,元/吨,"浙江省
  				                    				                    				                    				                  >    				                  嘉兴市",100吨,https://www.rawmex.cn/sell-9828387.html
2026-09-09,PVC,rawmex,PVC,SG-5 优等品 中泰,5020.0,元/吨,"江苏省
  				                    				                    				                    				                  >    				                  常州市",100吨,https://www.rawmex.cn/sell-9824984.html
2026-09-09,PVC,rawmex,PVC,SG-5 优等品 中泰,5020.0,元/吨,"江苏省
  				                    				                    				                    				                  >    				                  常州市",100吨,https://www.rawmex.cn/sell-9824966.html
2026-09-09,PVC,rawmex,PVC,SG-5 优等品 中泰,5020.0,元/吨,"江苏省
  				                    				                    				                    				                  >    				                  常州市",100吨,https://www.rawmex.cn/sell-9824956.html
2026-09-09,PVC,rawmex,PVC,SG-5 优等品 鲁泰,4930.0,元/吨,"山东省
  				                    				                    				                    				                  >    				                  济宁市",100吨,https://www.rawmex.cn/sell-9824916.html
2026-09-09,PVC,rawmex,PVC,SG-5 优等品 鲁泰,4930.0,元/吨,"山东省
  				                    				                    				                    				                  >    				                  济宁市",100吨,https://www.rawmex.cn/sell-9824917.html
2026-09-09,PVC,rawmex,PVC,SG-5 优等品 鲁泰,4930.0,元/吨,"山东省
  				                    				                    				                    				                  >    				                  济宁市",100吨,https://www.rawmex.cn/sell-9824920.html
2026-09-09,PVC,rawmex,PVC,SG-5 优等品 鲁泰,4930.0,元/吨,"山东省
  				                    				                    				                    				                  >    				                  济宁市",100吨,https://www.rawmex.cn/sell-9824912.html
2026-09-09,PVC,rawmex,PVC,SG-5 优等品 鲁泰,4930.0,元/吨,"山东省
  				                    				                    				                    				                  >    				                  济宁市",100吨,https://www.rawmex.cn/sell-9824910.html
2026-09-09,PVC,rawmex,PVC,SG-5 优等品 信发,4900.0,元/吨,"山东省
  				                    				                    				                    				                  >    				                  聊城市",100吨,https://www.rawmex.cn/sell-9824901.html
2026-09-09,PVC,rawmex,PVC,SG-5 优等品 信发,4900.0,元/吨,"山东省
  				                    				                    				                    				                  >    				                  聊城市",100吨,https://www.rawmex.cn/sell-9824899.html
2026-09-09,PVC,rawmex,PVC,SG-5 优等品 信发,4890.0,元/吨,"山东省
  				                    				                    				                    				                  >    				                  聊城市",100吨,https://www.rawmex.cn/sell-9824896.html
2026-09-09,PVC,rawmex,PVC,SG-5 优等品 信发,4890.0,元/吨,"山东省
  				                    				                    				                    				                  >    				                  聊城市",100吨,https://www.rawmex.cn/sell-9824894.html
2026-09-09,PVC,rawmex,PVC,SG-5 优等品 信发,4900.0,元/吨,"山东省
  				                    				                    				                    				                  >    				                  聊城市",100吨,https://www.rawmex.cn/sell-9824890.html
2026-09-10,ABS,cngold,ABS,通用级,11666.67,（元/吨）,,,https://m.cngold.org/price/jg10750553.html
2026-09-10,HDPE,cngold,HDPE,牌号:5000S;用途级别:拉丝级,11100.0,（元/吨）,,,https://m.cngold.org/price/jg10750548.html
2026-09-10,LDPE,cngold,LDPE,牌号:2426H;用途级别:薄膜级,12033.33,（元/吨）,,,https://m.cngold.org/price/jg10750547.html
2026-09-10,PC,cngold,PC,通用级,15116.67,（元/吨）,,,https://m.cngold.org/price/jg10750551.html
2026-09-10,PE,cngold,PE,薄膜料,9525.0,（元/吨）,,,https://m.cngold.org/price/jg10750506.html
2026-09-10,PET,cngold,PET,用途级别:水瓶级,8577.92,（元/吨）,,,https://m.cngold.org/price/jg10750549.html
2026-09-10,POM,cngold,POM,MC90,11500.0,（元/吨）,,,https://m.cngold.org/price/jg10750519.html
2026-09-10,PP,cngold,PP(纤维),牌号:Z30S;用途级别:纤维级,9587.5,（元/吨）,,,https://m.cngold.org/price/jg10750555.html
2026-09-10,PP,cngold,PP(拉丝),L5E89,10033.33,（元/吨）,,,https://m.cngold.org/price/jg10750555.html
2026-09-10,PS,cngold,PS,牌号:525;用途级别:注塑级,10750.0,（元/吨）,,,https://m.cngold.org/price/jg10750554.html
2026-09-10,PVC,cngold,PVC,SG-5 优等品,4925.0,（元/吨）,,,https://m.cngold.org/price/jg10750556.html
2026-09-10,PP,rawmex,PP,镇海炼化 T30S,11800.0,元/吨,"浙江省
  				                    				                    				                    				                  >    				                  宁波市",27吨,https://www.rawmex.cn/sell-9848487.html
2026-09-10,PP,rawmex,PP,镇海炼化 T30S,11800.0,元/吨,"浙江省
  				                    				                    				                    				                  >    				                  宁波市",27吨,https://www.rawmex.cn/sell-9848488.html
2026-09-10,PP,rawmex,PP,镇海炼化 T30S,11600.0,元/吨,"浙江省
  				                    				                    				                    				                  >    				                  宁波市",27吨,https://www.rawmex.cn/sell-9848490.html
2026-09-10,PP,rawmex,PP,抚顺石化 L5E89,10050.0,元/吨,"山东省
  				                    				                    				                    				                  >    				                  临沂市",66吨,https://www.rawmex.cn/sell-9848371.html
2026-09-10,PP,rawmex,PP,抚顺石化 L5E89,10050.0,元/吨,"山东省
  				                    				                    				                    				                  >    				                  临沂市",99吨,https://www.rawmex.cn/sell-9848247.html
2026-09-10,PP,rawmex,PP,抚顺石化 L5E89,10000.0,元/吨,"山东省
  				                    				                    				                    				                  >    				                  临沂市",66吨,https://www.rawmex.cn/sell-9848245.html
2026-09-10,PP,rawmex,PP,3015,11600.0,元/吨,江苏省,10000吨,https://www.rawmex.cn/sell-9848167.html
2026-09-10,PP,rawmex,PP,3015,11600000.0,元/吨,江苏省,10000千克,https://www.rawmex.cn/sell-9848117.html
2026-09-10,PP,rawmex,PP,中煤 L5E89,10092.0,元/吨,"浙江省
  				                    				                    				                    				                  >    				                  金华市",33吨,https://www.rawmex.cn/sell-9847655.html
2026-09-10,PP,rawmex,PP,中煤 L5E89,10080.0,元/吨,"浙江省
  				                    				                    				                    				                  >    				                  杭州市",34吨,https://www.rawmex.cn/sell-9846696.html
2026-09-10,PP,rawmex,PP,中煤 L5E89,10050.0,元/吨,"浙江省
  				                    				                    				                    				                  >    				                  金华市",66吨,https://www.rawmex.cn/sell-9841133.html
2026-09-10,PP,rawmex,PP,5200XT,10900.0,元/吨,"江苏省
  				                    				                    				                    				                  >    				                  苏州市",32吨,https://www.rawmex.cn/sell-9841056.html
2026-09-10,PP,rawmex,PP,5250T,10900.0,元/吨,"上海
  				                    				                    				                    				                  >    				                  上海市",32吨,https://www.rawmex.cn/sell-9841058.html
2026-09-10,PP,rawmex,PP,M800E,11300.0,元/吨,上海,20吨,https://www.rawmex.cn/sell-9841052.html
2026-09-10,PP,rawmex,PP,牌号:T30S;用途级别:拉丝级;,10700.0,元/吨,湖北省,30.0吨,https://www.rawmex.cn/sell-9833893.html
2026-09-10,ABS,rawmex,ABS,吉林石化 0215A,11700.0,元/吨,"广东省
  				                    				                    				                    				                  >    				                  揭阳市",64吨,https://www.rawmex.cn/sell-9847963.html
2026-09-10,ABS,rawmex,ABS,吉林石化 0215A,11700.0,元/吨,"广东省
  				                    				                    				                    				                  >    				                  东莞市",64吨,https://www.rawmex.cn/sell-9847958.html
2026-09-10,ABS,rawmex,ABS,吉林石化 0215A,11600.0,元/吨,"广东省
  				                    				                    				                    				                  >    				                  揭阳市",64吨,https://www.rawmex.cn/sell-9847957.html
2026-09-10,ABS,rawmex,ABS,规格：PA-765A,32300.0,元/吨,"江苏省
  				                    				                    				                    				                  >    				                  常州市",15吨,https://www.rawmex.cn/sell-9841066.html
2026-09-10,ABS,rawmex,ABS,PA-757K,13000.0,元/吨,"上海
  				                    				                    				                    				                  >    				                  上海市",32吨,https://www.rawmex.cn/sell-9841063.html
2026-09-10,ABS,rawmex,ABS,HI-121H,12000.0,元/吨,"上海
  				                    				                    				                    				                  >    				                  上海市",32吨,https://www.rawmex.cn/sell-9841057.html
2026-09-10,ABS,rawmex,ABS,PA-758,17500.0,元/吨,"上海
  				                    				                    				                    				                  >    				                  上海市",15吨,https://www.rawmex.cn/sell-9841002.html
2026-09-10,ABS,rawmex,ABS,D-1000,18800.0,元/吨,"上海
  				                    				                    				                    				                  >    				                  上海市",10吨,https://www.rawmex.cn/sell-9841003.html
2026-09-10,ABS,rawmex,ABS,DG-417,12500.0,元/吨,"上海
  				                    				                    				                    				                  >    				                  上海市",32吨,https://www.rawmex.cn/sell-9840997.html
2026-09-10,PC,rawmex,PC,LXTY1609T-11,15200.0,元/吨,江苏省,10000吨,https://www.rawmex.cn/sell-9848162.html
2026-09-10,PC,rawmex,PC,鲁西化工 LXTY1609T-11,15100.0,元/吨,"广东省
  				                    				                    				                    				                  >    				                  东莞市",80吨,https://www.rawmex.cn/sell-9847967.html
2026-09-10,PC,rawmex,PC,鲁西化工 LXTY1609T-11,15100.0,元/吨,"广东省
  				                    				                    				                    				                  >    				                  东莞市",80吨,https://www.rawmex.cn/sell-9847966.html
2026-09-10,PC,rawmex,PC,鲁西化工 LXTY1609T-11,15150.0,元/吨,"广东省
  				                    				                    				                    				                  >    				                  汕头市",80吨,https://www.rawmex.cn/sell-9847965.html
2026-09-10,PC,rawmex,PC,2407,17600.0,元/吨,"上海
  				                    				                    				                    				                  >    				                  上海市",10吨,https://www.rawmex.cn/sell-9841060.html
2026-09-10,PC,rawmex,PC,牌号1100,15800.0,元/吨,"江苏省
  				                    				                    				                    				                  >    				                  苏州市",10吨,https://www.rawmex.cn/sell-9841059.html
2026-09-10,PC,rawmex,PC,2805,16200.0,元/吨,"上海
  				                    				                    				                    				                  >    				                  上海市",10吨,https://www.rawmex.cn/sell-9841004.html
2026-09-10,PC,rawmex,PC,LED2245  000000,36300.0,元/吨,"上海
  				                    				                    				                    				                  >    				                  上海市",5吨,https://www.rawmex.cn/sell-9841006.html
2026-09-10,PC,rawmex,PC,940,18800.0,元/吨,"上海
  				                    				                    				                    				                  >    				                  上海市",10吨,https://www.rawmex.cn/sell-9841010.html
2026-09-10,PC,rawmex,PC,141R-111,15800.0,元/吨,"上海
  				                    				                    				                    				                  >    				                  上海市",30吨,https://www.rawmex.cn/sell-9840998.html
2026-09-10,PC,rawmex,PC,PC-110,18600.0,元/吨,"上海
  				                    				                    				                    				                  >    				                  上海市",10吨,https://www.rawmex.cn/sell-9841000.html
2026-09-10,POM,rawmex,POM,F30-03,13000.0,元/吨,江苏省,10000吨,https://www.rawmex.cn/sell-9848121.html
2026-09-10,POM,rawmex,POM,100P,35000.0,元/吨,江苏省,100吨,https://www.rawmex.cn/sell-9848116.html
2026-09-10,POM,rawmex,POM,F20-03,13000.0,元/吨,江苏省,100吨,https://www.rawmex.cn/sell-9848115.html
2026-09-10,POM,rawmex,POM,F20-02,13000.0,元/吨,江苏省,100吨,https://www.rawmex.cn/sell-9848114.html
2026-09-10,POM,rawmex,POM,100P  NC010,35000.0,元/吨,江苏省,100吨,https://www.rawmex.cn/sell-9848113.html
2026-09-10,POM,rawmex,POM,K300,13000.0,元/吨,江苏省,100吨,https://www.rawmex.cn/sell-9848111.html
2026-09-10,POM,rawmex,POM,F20-03,13000.0,元/吨,江苏省,100吨,https://www.rawmex.cn/sell-9848109.html
2026-09-10,POM,rawmex,POM,F20-02,13000.0,元/吨,江苏省,100吨,https://www.rawmex.cn/sell-9848108.html
2026-09-10,POM,rawmex,POM,M90-44,13000.0,元/吨,江苏省,100吨,https://www.rawmex.cn/sell-9848107.html
2026-09-10,POM,rawmex,POM,M90-04,12500.0,元/吨,江苏省,100吨,https://www.rawmex.cn/sell-9848105.html
2026-09-10,POM,rawmex,POM,FM270,13000.0,元/吨,江苏省,100吨,https://www.rawmex.cn/sell-9848103.html
2026-09-10,POM,rawmex,POM,M90,11500.0,元/吨,江苏省,100吨,https://www.rawmex.cn/sell-9848102.html
2026-09-10,POM,rawmex,POM,M90,11500.0,元/吨,江苏省,100吨,https://www.rawmex.cn/sell-9848101.html
2026-09-10,POM,rawmex,POM,M270,11500.0,元/吨,浙江省,100吨,https://www.rawmex.cn/sell-9848100.html
2026-09-10,POM,rawmex,POM,30A,8800.0,元/吨,江苏省,100吨,https://www.rawmex.cn/sell-9848099.html
2026-09-10,POM,rawmex,POM,500P,30500.0,元/吨,上海,100吨,https://www.rawmex.cn/sell-9848096.html
2026-09-10,POM,rawmex,POM,K90,9500.0,元/吨,江苏省,100吨,https://www.rawmex.cn/sell-9848093.html
2026-09-10,POM,rawmex,POM,MC90,9300.0,元/吨,江苏省,100吨,https://www.rawmex.cn/sell-9848091.html
2026-09-10,POM,rawmex,POM,270,10500.0,元/吨,江苏省,100吨,https://www.rawmex.cn/sell-9848089.html
2026-09-10,POM,rawmex,POM,MC90-L,9000.0,元/吨,江苏省,100吨,https://www.rawmex.cn/sell-9848088.html
2026-09-10,PA6,rawmex,PA6,YH800,14800.0,元/吨,"上海
  				                    				                    				                    				                  >    				                  上海市",32吨,https://www.rawmex.cn/sell-9841065.html
2026-09-10,PA6,rawmex,PA6,73G45L,18000.0,元/吨,"上海
  				                    				                    				                    				                  >    				                  上海市",10吨,https://www.rawmex.cn/sell-9841048.html
2026-09-10,PA6,rawmex,PA6,1013B,17800.0,元/吨,"上海
  				                    				                    				                    				                  >    				                  上海市",22吨,https://www.rawmex.cn/sell-9841049.html
2026-09-10,PA66,rawmex,PA66,101L,27500.0,元/吨,"浙江省
  				                    				                    				                    				                  >    				                  宁波市",10公斤,https://www.rawmex.cn/sell-9841054.html
2026-09-10,PA66,rawmex,PA66,EPR27,19300.0,元/吨,"浙江省
  				                    				                    				                    				                  >    				                  宁波市",20吨,https://www.rawmex.cn/sell-9841050.html
2026-09-10,PA66,rawmex,PA66,FR370,38400.0,元/吨,"上海
  				                    				                    				                    				                  >    				                  上海市",20吨,https://www.rawmex.cn/sell-9841039.html
2026-09-10,PA66,rawmex,PA66,A3WG6,29600.0,元/吨,"上海
  				                    				                    				                    				                  >    				                  上海市",10吨,https://www.rawmex.cn/sell-9841040.html
2026-09-10,PA66,rawmex,PA66,A3WG6,29600.0,元/吨,"浙江省
  				                    				                    				                    				                  >    				                  宁波市",10吨,https://www.rawmex.cn/sell-9841036.html
2026-09-10,PA66,rawmex,PA66,牌号：NC010；用途：通用级；,38800.0,元/吨,"上海
  				                    				                    				                    				                  >    				                  上海市",16吨,https://www.rawmex.cn/sell-9841037.html
2026-09-10,PA66,rawmex,PA66,A3EG3,31200.0,元/吨,"江苏省
  				                    				                    				                    				                  >    				                  苏州市",32吨,https://www.rawmex.cn/sell-9841026.html
2026-09-10,PET,rawmex,PET,浙江万凯 水瓶级 浙江万凯,8600.0,元/吨,"浙江省
  				                    				                    				                    				                  >    				                  嘉兴市",100吨,https://www.rawmex.cn/sell-9848365.html
2026-09-10,PET,rawmex,PET,CZ-318,8600.0,元/吨,江苏省,10000吨,https://www.rawmex.cn/sell-9848166.html
2026-09-10,PET,rawmex,PET,CZ-302,8600.0,元/吨,江苏省,10000吨,https://www.rawmex.cn/sell-9848165.html
2026-09-10,PET,rawmex,PET,WK-801,8600.0,元/吨,江苏省,10000吨,https://www.rawmex.cn/sell-9848164.html
2026-09-10,PET,rawmex,PET,WK-881,8600.0,元/吨,江苏省,10000吨,https://www.rawmex.cn/sell-9848163.html
2026-09-10,PET,rawmex,PET,"浙江万凯 水瓶级 浙江万凯 优等品,GB/T 17931-2018",8680.0,元/吨,"浙江省
  				                    				                    				                    				                  >    				                  嘉兴市",100吨,https://www.rawmex.cn/sell-9839323.html
2026-09-10,PET,rawmex,PET,"三房巷 水瓶级 三房巷 优等品,GB/T 17931-2018",8580.0,元/吨,"江苏省
  				                    				                    				                    				                  >    				                  无锡市",90吨,https://www.rawmex.cn/sell-9839228.html
2026-09-10,PET,rawmex,PET,浙江万凯 水瓶级 浙江万凯,8550.0,元/吨,"浙江省
  				                    				                    				                    				                  >    				                  嘉兴市",100吨,https://www.rawmex.cn/sell-9848055.html
2026-09-10,PET,rawmex,PET,浙江万凯 水瓶级 浙江万凯,8600.0,元/吨,"浙江省
  				                    				                    				                    				                  >    				                  嘉兴市",100吨,https://www.rawmex.cn/sell-9847085.html
2026-09-10,PET,rawmex,PET,浙江万凯 水瓶级 浙江万凯,8650.0,元/吨,"浙江省
  				                    				                    				                    				                  >    				                  嘉兴市",100吨,https://www.rawmex.cn/sell-9847047.html
2026-09-10,PET,rawmex,PET,"浙江万凯 水瓶级 浙江万凯 优等品,GB/T 17931-2018",8670.0,元/吨,"浙江省
  				                    				                    				                    				                  >    				                  嘉兴市",60吨,https://www.rawmex.cn/sell-9845958.html
2026-09-10,PET,rawmex,PET,"三房巷 水瓶级 三房巷 优等品,GB/T 17931-2018",8650.0,元/吨,"江苏省
  				                    				                    				                    				                  >    				                  无锡市",90吨,https://www.rawmex.cn/sell-9845954.html
2026-09-10,PET,rawmex,PET,"浙江万凯 水瓶级 浙江万凯 优等品,GB/T 17931-2018",8700.0,元/吨,"浙江省
  				                    				                    				                    				                  >    				                  嘉兴市",60吨,https://www.rawmex.cn/sell-9841245.html
2026-09-10,PET,rawmex,PET,"三房巷 水瓶级 三房巷 优等品,GB/T 17931-2018",8600.0,元/吨,"江苏省
  				                    				                    				                    				                  >    				                  无锡市",60吨,https://www.rawmex.cn/sell-9841198.html
2026-09-10,PET,rawmex,PET,WK-821,8600.0,元/吨,"浙江省
  				                    				                    				                    				                  >    				                  宁波市",50吨,https://www.rawmex.cn/sell-9841077.html
2026-09-10,PET,rawmex,PET,WK-801,8600.0,元/吨,"浙江省
  				                    				                    				                    				                  >    				                  宁波市",100吨,https://www.rawmex.cn/sell-9841078.html
2026-09-10,PET,rawmex,PET,8816,8700.0,元/吨,"江苏省
  				                    				                    				                    				                  >    				                  常州市",100吨,https://www.rawmex.cn/sell-9841079.html
2026-09-10,PET,rawmex,PET,CR-8863,8700.0,元/吨,"江苏省
  				                    				                    				                    				                  >    				                  常州市",50吨,https://www.rawmex.cn/sell-9841071.html
2026-09-10,PET,rawmex,PET,CR-8816,8700.0,元/吨,"江苏省
  				                    				                    				                    				                  >    				                  常州市",100吨,https://www.rawmex.cn/sell-9841073.html
2026-09-10,PET,rawmex,PET,CZ-328,8650.0,元/吨,"江苏省
  				                    				                    				                    				                  >    				                  常州市",50吨,https://www.rawmex.cn/sell-9841074.html
2026-09-10,PVC,rawmex,PVC,SG-5 优等品 中泰,5050.0,元/吨,"江苏省
  				                    				                    				                    				                  >    				                  常州市",100吨,https://www.rawmex.cn/sell-9841170.html
2026-09-10,PVC,rawmex,PVC,SG-5 优等品 中泰,5050.0,元/吨,"江苏省
  				                    				                    				                    				                  >    				                  常州市",100吨,https://www.rawmex.cn/sell-9841164.html
2026-09-10,PVC,rawmex,PVC,SG-5 优等品 中泰,5050.0,元/吨,"江苏省
  				                    				                    				                    				                  >    				                  常州市",100吨,https://www.rawmex.cn/sell-9841167.html
2026-09-10,PVC,rawmex,PVC,SG-5 优等品 鲁泰,4980.0,元/吨,"山东省
  				                    				                    				                    				                  >    				                  济宁市",100吨,https://www.rawmex.cn/sell-9841158.html
2026-09-10,PVC,rawmex,PVC,SG-5 优等品 鲁泰,4980.0,元/吨,"山东省
  				                    				                    				                    				                  >    				                  济宁市",100吨,https://www.rawmex.cn/sell-9841153.html
2026-09-10,PVC,rawmex,PVC,SG-5 优等品 鲁泰,4980.0,元/吨,"山东省
  				                    				                    				                    				                  >    				                  济宁市",100吨,https://www.rawmex.cn/sell-9841151.html
2026-09-10,PVC,rawmex,PVC,SG-5 优等品 鲁泰,4980.0,元/吨,"山东省
  				                    				                    				                    				                  >    				                  济宁市",100吨,https://www.rawmex.cn/sell-9841149.html
2026-09-10,PVC,rawmex,PVC,SG-5 优等品 鲁泰,4980.0,元/吨,"山东省
  				                    				                    				                    				                  >    				                  济宁市",100吨,https://www.rawmex.cn/sell-9841148.html
2026-09-10,PVC,rawmex,PVC,SG-5 优等品 信发,4950.0,元/吨,"山东省
  				                    				                    				                    				                  >    				                  聊城市",100吨,https://www.rawmex.cn/sell-9841132.html
2026-09-10,PVC,rawmex,PVC,SG-5 优等品 信发,4950.0,元/吨,"山东省
  				                    				                    				                    				                  >    				                  聊城市",100吨,https://www.rawmex.cn/sell-9841128.html
2026-09-10,PVC,rawmex,PVC,SG-5 优等品 信发,4950.0,元/吨,"山东省
  				                    				                    				                    				                  >    				                  聊城市",100吨,https://www.rawmex.cn/sell-9841124.html
2026-09-10,PVC,rawmex,PVC,SG-5 优等品 信发,4950.0,元/吨,"山东省
  				                    				                    				                    				                  >    				                  聊城市",100吨,https://www.rawmex.cn/sell-9841108.html
2026-09-10,PVC,rawmex,PVC,SG-5 优等品 信发,4950.0,元/吨,"山东省
  				                    				                    				                    				                  >    				                  聊城市",100吨,https://www.rawmex.cn/sell-9841007.html
2026-09-10,LDPE,rawmex,LDPE,Q281,12800.0,元/吨,"上海
  				                    				                    				                    				                  >    				                  上海市",20吨,https://www.rawmex.cn/sell-9841062.html
2026-09-11,PP,rawmex,PP,抚顺石化 L5E89,10000.0,元/吨,"山东省
  				                    				                    				                    				                  >    				                  临沂市",66吨,https://www.rawmex.cn/sell-9869100.html
2026-09-11,PP,rawmex,PP,抚顺石化 L5E89,10050.0,元/吨,"山东省
  				                    				                    				                    				                  >    				                  临沂市",99吨,https://www.rawmex.cn/sell-9869102.html
2026-09-11,PP,rawmex,PP,抚顺石化 L5E89,10050.0,元/吨,"山东省
  				                    				                    				                    				                  >    				                  临沂市",66吨,https://www.rawmex.cn/sell-9869103.html
2026-09-11,PP,rawmex,PP,镇海炼化 T30S,11600.0,元/吨,"浙江省
  				                    				                    				                    				                  >    				                  宁波市",27吨,https://www.rawmex.cn/sell-9868463.html
2026-09-11,PP,rawmex,PP,镇海炼化 T30S,11800.0,元/吨,"浙江省
  				                    				                    				                    				                  >    				                  宁波市",27吨,https://www.rawmex.cn/sell-9868471.html
2026-09-11,PP,rawmex,PP,镇海炼化 T30S,11800.0,元/吨,"浙江省
  				                    				                    				                    				                  >    				                  宁波市",27吨,https://www.rawmex.cn/sell-9868472.html
2026-09-11,PP,rawmex,PP,M800E,11300.0,元/吨,上海,20吨,https://www.rawmex.cn/sell-9867463.html
2026-09-11,PP,rawmex,PP,5200XT,10900.0,元/吨,"江苏省
  				                    				                    				                    				                  >    				                  苏州市",32吨,https://www.rawmex.cn/sell-9867459.html
2026-09-11,PP,rawmex,PP,5250T,10900.0,元/吨,"上海
  				                    				                    				                    				                  >    				                  上海市",32吨,https://www.rawmex.cn/sell-9867457.html
2026-09-11,PP,rawmex,PP,中煤 L5E89,10030.0,元/吨,"浙江省
  				                    				                    				                    				                  >    				                  金华市",33吨,https://www.rawmex.cn/sell-9866836.html
2026-09-11,PP,rawmex,PP,中煤 L5E89,10100.0,元/吨,"浙江省
  				                    				                    				                    				                  >    				                  杭州市",34吨,https://www.rawmex.cn/sell-9858417.html
2026-09-11,PP,rawmex,PP,中煤 L5E89,10200.0,元/吨,"浙江省
  				                    				                    				                    				                  >    				                  金华市",66吨,https://www.rawmex.cn/sell-9857271.html
2026-09-11,PP,rawmex,PP,牌号:T30S;用途级别:拉丝级;,10700.0,元/吨,湖北省,30.0吨,https://www.rawmex.cn/sell-9852536.html
2026-09-11,ABS,rawmex,ABS,吉林石化 0215A,11700.0,元/吨,"广东省
  				                    				                    				                    				                  >    				                  揭阳市",64吨,https://www.rawmex.cn/sell-9868361.html
2026-09-11,ABS,rawmex,ABS,DG-417,12500.0,元/吨,"上海
  				                    				                    				                    				                  >    				                  上海市",32吨,https://www.rawmex.cn/sell-9867516.html
2026-09-11,ABS,rawmex,ABS,D-1000,18800.0,元/吨,"上海
  				                    				                    				                    				                  >    				                  上海市",10吨,https://www.rawmex.cn/sell-9867511.html
2026-09-11,ABS,rawmex,ABS,PA-758,17500.0,元/吨,"上海
  				                    				                    				                    				                  >    				                  上海市",15吨,https://www.rawmex.cn/sell-9867512.html
2026-09-11,ABS,rawmex,ABS,HI-121H,12000.0,元/吨,"上海
  				                    				                    				                    				                  >    				                  上海市",32吨,https://www.rawmex.cn/sell-9867458.html
2026-09-11,ABS,rawmex,ABS,规格：PA-765A,32300.0,元/吨,"江苏省
  				                    				                    				                    				                  >    				                  常州市",15吨,https://www.rawmex.cn/sell-9867449.html
2026-09-11,ABS,rawmex,ABS,PA-757K,13000.0,元/吨,"上海
  				                    				                    				                    				                  >    				                  上海市",32吨,https://www.rawmex.cn/sell-9867452.html
2026-09-11,ABS,rawmex,ABS,吉林石化 0215A,11600.0,元/吨,"广东省
  				                    				                    				                    				                  >    				                  揭阳市",64吨,https://www.rawmex.cn/sell-9866916.html
2026-09-11,ABS,rawmex,ABS,吉林石化 0215A,11650.0,元/吨,"广东省
  				                    				                    				                    				                  >    				                  东莞市",64吨,https://www.rawmex.cn/sell-9866896.html
2026-09-11,PC,rawmex,PC,鲁西化工 LXTY1609T-11,15100.0,元/吨,"广东省
  				                    				                    				                    				                  >    				                  东莞市",80吨,https://www.rawmex.cn/sell-9868366.html
2026-09-11,PC,rawmex,PC,鲁西化工 LXTY1609T-11,15200.0,元/吨,"广东省
  				                    				                    				                    				                  >    				                  东莞市",80吨,https://www.rawmex.cn/sell-9868365.html
2026-09-11,PC,rawmex,PC,鲁西化工 LXTY1609T-11,15250.0,元/吨,"广东省
  				                    				                    				                    				                  >    				                  汕头市",80吨,https://www.rawmex.cn/sell-9868362.html
2026-09-11,PC,rawmex,PC,PC-110,18600.0,元/吨,"上海
  				                    				                    				                    				                  >    				                  上海市",10吨,https://www.rawmex.cn/sell-9867514.html
2026-09-11,PC,rawmex,PC,141R-111,15800.0,元/吨,"上海
  				                    				                    				                    				                  >    				                  上海市",30吨,https://www.rawmex.cn/sell-9867515.html
2026-09-11,PC,rawmex,PC,940,18800.0,元/吨,"上海
  				                    				                    				                    				                  >    				                  上海市",10吨,https://www.rawmex.cn/sell-9867507.html
2026-09-11,PC,rawmex,PC,LED2245  000000,36300.0,元/吨,"上海
  				                    				                    				                    				                  >    				                  上海市",5吨,https://www.rawmex.cn/sell-9867509.html
2026-09-11,PC,rawmex,PC,2805,16200.0,元/吨,"上海
  				                    				                    				                    				                  >    				                  上海市",10吨,https://www.rawmex.cn/sell-9867510.html
2026-09-11,PC,rawmex,PC,2407,17600.0,元/吨,"上海
  				                    				                    				                    				                  >    				                  上海市",10吨,https://www.rawmex.cn/sell-9867455.html
2026-09-11,PC,rawmex,PC,牌号1100,15800.0,元/吨,"江苏省
  				                    				                    				                    				                  >    				                  苏州市",10吨,https://www.rawmex.cn/sell-9867456.html
2026-09-11,POM,rawmex,POM,F20-02,12800.0,元/吨,"浙江省
  				                    				                    				                    				                  >    				                  宁波市",15吨,https://www.rawmex.cn/sell-9867517.html
2026-09-11,POM,rawmex,POM,牌号：M90；用途级别：注塑级,12800.0,元/吨,"上海
  				                    				                    				                    				                  >    				                  上海市",10吨,https://www.rawmex.cn/sell-9867508.html
2026-09-11,POM,rawmex,POM,100P,46500.0,元/吨,"上海
  				                    				                    				                    				                  >    				                  上海市",10吨,https://www.rawmex.cn/sell-9867502.html
2026-09-11,POM,rawmex,POM,MC90,9300.0,元/吨,"江苏省
  				                    				                    				                    				                  >    				                  苏州市",32吨,https://www.rawmex.cn/sell-9867503.html
2026-09-11,POM,rawmex,POM,注塑级;,11600.0,元/吨,"上海
  				                    				                    				                    				                  >    				                  上海市",32吨,https://www.rawmex.cn/sell-9867504.html
2026-09-11,POM,rawmex,POM,F20-03,13200.0,元/吨,"上海
  				                    				                    				                    				                  >    				                  上海市",10吨,https://www.rawmex.cn/sell-9867505.html
2026-09-11,POM,rawmex,POM,C9021,12400.0,元/吨,"上海
  				                    				                    				                    				                  >    				                  上海市",10吨,https://www.rawmex.cn/sell-9867506.html
2026-09-11,POM,rawmex,POM,注塑级;,12200.0,元/吨,"上海
  				                    				                    				                    				                  >    				                  上海市",32吨,https://www.rawmex.cn/sell-9867499.html
2026-09-11,POM,rawmex,POM,牌号:4520;,15800.0,元/吨,"上海
  				                    				                    				                    				                  >    				                  上海市",10吨,https://www.rawmex.cn/sell-9867500.html
2026-09-11,POM,rawmex,POM,M90-43,16200.0,元/吨,"上海
  				                    				                    				                    				                  >    				                  上海市",10吨,https://www.rawmex.cn/sell-9867501.html
2026-09-11,POM,rawmex,POM,100P  NC010,45800.0,元/吨,"上海
  				                    				                    				                    				                  >    				                  上海市",10吨,https://www.rawmex.cn/sell-9867493.html
2026-09-11,POM,rawmex,POM,500AF,53000.0,元/吨,"浙江省
  				                    				                    				                    				                  >    				                  宁波市",10吨,https://www.rawmex.cn/sell-9867494.html
2026-09-11,POM,rawmex,POM,M90,11800.0,元/吨,"浙江省
  				                    				                    				                    				                  >    				                  宁波市",32吨,https://www.rawmex.cn/sell-9867496.html
2026-09-11,POM,rawmex,POM,30A,9200.0,元/吨,"江苏省
  				                    				                    				                    				                  >    				                  常州市",32吨,https://www.rawmex.cn/sell-9867497.html
2026-09-11,POM,rawmex,POM,K300,14500.0,元/吨,"上海
  				                    				                    				                    				                  >    				                  上海市",5吨,https://www.rawmex.cn/sell-9867488.html
2026-09-11,POM,rawmex,POM,500P,35000.0,元/吨,"江苏省
  				                    				                    				                    				                  >    				                  苏州市",10吨,https://www.rawmex.cn/sell-9867489.html
2026-09-11,POM,rawmex,POM,500CL,58000.0,元/吨,"江苏省
  				                    				                    				                    				                  >    				                  苏州市",10吨,https://www.rawmex.cn/sell-9867492.html
2026-09-11,POM,rawmex,POM,M270,12100.0,元/吨,"江苏省
  				                    				                    				                    				                  >    				                  苏州市",32吨,https://www.rawmex.cn/sell-9867487.html
2026-09-11,POM,rawmex,POM,100P,43500.0,元/吨,"浙江省
  				                    				                    				                    				                  >    				                  宁波市",12吨,https://www.rawmex.cn/sell-9867482.html
2026-09-11,POM,rawmex,POM,UM-01,14200.0,元/吨,"上海
  				                    				                    				                    				                  >    				                  上海市",20吨,https://www.rawmex.cn/sell-9867483.html
2026-09-11,PA6,rawmex,PA6,1013B,17800.0,元/吨,"上海
  				                    				                    				                    				                  >    				                  上海市",22吨,https://www.rawmex.cn/sell-9867466.html
2026-09-11,PA6,rawmex,PA6,73G45L,18000.0,元/吨,"上海
  				                    				                    				                    				                  >    				                  上海市",10吨,https://www.rawmex.cn/sell-9867467.html
2026-09-11,PA6,rawmex,PA6,YH800,14800.0,元/吨,"上海
  				                    				                    				                    				                  >    				                  上海市",32吨,https://www.rawmex.cn/sell-9867450.html
2026-09-11,PA66,rawmex,PA66,A3EG3,31200.0,元/吨,"江苏省
  				                    				                    				                    				                  >    				                  苏州市",32吨,https://www.rawmex.cn/sell-9867490.html
2026-09-11,PA66,rawmex,PA66,FR370,38400.0,元/吨,"上海
  				                    				                    				                    				                  >    				                  上海市",20吨,https://www.rawmex.cn/sell-9867477.html
2026-09-11,PA66,rawmex,PA66,牌号：NC010；用途：通用级；,38800.0,元/吨,"上海
  				                    				                    				                    				                  >    				                  上海市",16吨,https://www.rawmex.cn/sell-9867479.html
2026-09-11,PA66,rawmex,PA66,A3WG6,29600.0,元/吨,"浙江省
  				                    				                    				                    				                  >    				                  宁波市",10吨,https://www.rawmex.cn/sell-9867480.html
2026-09-11,PA66,rawmex,PA66,A3WG6,29600.0,元/吨,"上海
  				                    				                    				                    				                  >    				                  上海市",10吨,https://www.rawmex.cn/sell-9867476.html
2026-09-11,PA66,rawmex,PA66,EPR27,19300.0,元/吨,"浙江省
  				                    				                    				                    				                  >    				                  宁波市",20吨,https://www.rawmex.cn/sell-9867465.html
2026-09-11,PA66,rawmex,PA66,101L,27500.0,元/吨,"浙江省
  				                    				                    				                    				                  >    				                  宁波市",10公斤,https://www.rawmex.cn/sell-9867461.html
2026-09-11,PET,rawmex,PET,"三房巷 水瓶级 三房巷 优等品,GB/T 17931-2018",8600.0,元/吨,"江苏省
  				                    				                    				                    				                  >    				                  无锡市",90吨,https://www.rawmex.cn/sell-9864098.html
2026-09-11,PET,rawmex,PET,"浙江万凯 水瓶级 浙江万凯 优等品,GB/T 17931-2018",8650.0,元/吨,"浙江省
  				                    				                    				                    				                  >    				                  嘉兴市",100吨,https://www.rawmex.cn/sell-9864180.html
2026-09-11,PET,rawmex,PET,"浙江万凯 水瓶级 浙江万凯 优等品,GB/T 17931-2018",8670.0,元/吨,"浙江省
  				                    				                    				                    				                  >    				                  嘉兴市",60吨,https://www.rawmex.cn/sell-9865587.html
2026-09-11,PET,rawmex,PET,"三房巷 水瓶级 三房巷 优等品,GB/T 17931-2018",8670.0,元/吨,"江苏省
  				                    				                    				                    				                  >    				                  无锡市",90吨,https://www.rawmex.cn/sell-9865581.html
2026-09-11,PET,rawmex,PET,浙江万凯 水瓶级 浙江万凯,8620.0,元/吨,"浙江省
  				                    				                    				                    				                  >    				                  嘉兴市",100吨,https://www.rawmex.cn/sell-9869105.html
2026-09-11,PET,rawmex,PET,浙江万凯 水瓶级 浙江万凯,8620.0,元/吨,"浙江省
  				                    				                    				                    				                  >    				                  嘉兴市",100吨,https://www.rawmex.cn/sell-9869094.html
2026-09-11,PET,rawmex,PET,YS-W01,8650.0,元/吨,"上海
  				                    				                    				                    				                  >    				                  上海市",50吨,https://www.rawmex.cn/sell-9867518.html
2026-09-11,PET,rawmex,油料,YS-YO1,8600.0,元/吨,"上海
  				                    				                    				                    				                  >    				                  上海市",50吨,https://www.rawmex.cn/sell-9867445.html
2026-09-11,PET,rawmex,PET,YS-C01,8600.0,元/吨,"上海
  				                    				                    				                    				                  >    				                  上海市",50吨,https://www.rawmex.cn/sell-9867446.html
2026-09-11,PET,rawmex,PET,CZ-302,8650.0,元/吨,"江苏省
  				                    				                    				                    				                  >    				                  常州市",100吨,https://www.rawmex.cn/sell-9867448.html
2026-09-11,PET,rawmex,PET,CR-8816,8900.0,元/吨,"江苏省
  				                    				                    				                    				                  >    				                  常州市",100吨,https://www.rawmex.cn/sell-9867442.html
2026-09-11,PET,rawmex,PET,CR-8863,8700.0,元/吨,"江苏省
  				                    				                    				                    				                  >    				                  常州市",50吨,https://www.rawmex.cn/sell-9867443.html
2026-09-11,PET,rawmex,PET,CR-8839,8700.0,元/吨,"江苏省
  				                    				                    				                    				                  >    				                  常州市",100吨,https://www.rawmex.cn/sell-9867444.html
2026-09-11,PET,rawmex,PET,WK-801,8850.0,元/吨,"浙江省
  				                    				                    				                    				                  >    				                  宁波市",100吨,https://www.rawmex.cn/sell-9867438.html
2026-09-11,PET,rawmex,PET,WK-821,8850.0,元/吨,"浙江省
  				                    				                    				                    				                  >    				                  宁波市",50吨,https://www.rawmex.cn/sell-9867439.html
2026-09-11,PET,rawmex,PET,WK-881,8850.0,元/吨,"浙江省
  				                    				                    				                    				                  >    				                  宁波市",50吨,https://www.rawmex.cn/sell-9867440.html
2026-09-11,PET,rawmex,PET,CZ-328,8700.0,元/吨,"江苏省
  				                    				                    				                    				                  >    				                  常州市",50吨,https://www.rawmex.cn/sell-9867441.html
2026-09-11,PET,rawmex,PET,8816,8900.0,元/吨,"江苏省
  				                    				                    				                    				                  >    				                  常州市",100吨,https://www.rawmex.cn/sell-9867437.html
2026-09-11,PET,rawmex,PET,浙江万凯 水瓶级 浙江万凯,8620.0,元/吨,"浙江省
  				                    				                    				                    				                  >    				                  嘉兴市",100吨,https://www.rawmex.cn/sell-9865639.html
2026-09-11,PET,rawmex,PET,浙江万凯 水瓶级 浙江万凯,8620.0,元/吨,"浙江省
  				                    				                    				                    				                  >    				                  嘉兴市",100吨,https://www.rawmex.cn/sell-9865632.html
2026-09-11,PVC,rawmex,PVC,SG-5 优等品 中泰,5050.0,元/吨,"江苏省
  				                    				                    				                    				                  >    				                  常州市",100吨,https://www.rawmex.cn/sell-9860227.html
2026-09-11,PVC,rawmex,PVC,SG-5 优等品 中泰,5050.0,元/吨,"江苏省
  				                    				                    				                    				                  >    				                  常州市",100吨,https://www.rawmex.cn/sell-9860217.html
2026-09-11,PVC,rawmex,PVC,SG-5 优等品 中泰,5050.0,元/吨,"江苏省
  				                    				                    				                    				                  >    				                  常州市",100吨,https://www.rawmex.cn/sell-9860200.html
2026-09-11,PVC,rawmex,PVC,SG-5 优等品 鲁泰,4950.0,元/吨,"山东省
  				                    				                    				                    				                  >    				                  济宁市",100吨,https://www.rawmex.cn/sell-9860008.html
2026-09-11,PVC,rawmex,PVC,SG-5 优等品 鲁泰,4950.0,元/吨,"山东省
  				                    				                    				                    				                  >    				                  济宁市",100吨,https://www.rawmex.cn/sell-9859982.html
2026-09-11,PVC,rawmex,PVC,SG-5 优等品 鲁泰,4950.0,元/吨,"山东省
  				                    				                    				                    				                  >    				                  济宁市",100吨,https://www.rawmex.cn/sell-9859955.html
2026-09-11,PVC,rawmex,PVC,SG-5 优等品 鲁泰,4950.0,元/吨,"山东省
  				                    				                    				                    				                  >    				                  济宁市",100吨,https://www.rawmex.cn/sell-9859952.html
2026-09-11,PVC,rawmex,PVC,SG-5 优等品 鲁泰,4950.0,元/吨,"山东省
  				                    				                    				                    				                  >    				                  济宁市",100吨,https://www.rawmex.cn/sell-9859948.html
2026-09-11,PVC,rawmex,PVC,SG-5 优等品 信发,4930.0,元/吨,"山东省
  				                    				                    				                    				                  >    				                  聊城市",100吨,https://www.rawmex.cn/sell-9859667.html
2026-09-11,PVC,rawmex,PVC,SG-5 优等品 信发,4930.0,元/吨,"山东省
  				                    				                    				                    				                  >    				                  聊城市",100吨,https://www.rawmex.cn/sell-9859642.html
2026-09-11,PVC,rawmex,PVC,SG-5 优等品 信发,4920.0,元/吨,"山东省
  				                    				                    				                    				                  >    				                  聊城市",100吨,https://www.rawmex.cn/sell-9859625.html
2026-09-11,PVC,rawmex,PVC,SG-5 优等品 信发,4920.0,元/吨,"山东省
  				                    				                    				                    				                  >    				                  聊城市",100吨,https://www.rawmex.cn/sell-9859619.html
2026-09-11,PVC,rawmex,PVC,SG-5 优等品 信发,4940.0,元/吨,"山东省
  				                    				                    				                    				                  >    				                  聊城市",100吨,https://www.rawmex.cn/sell-9859602.html
2026-09-11,LDPE,rawmex,LDPE,Q281,12800.0,元/吨,"上海
  				                    				                    				                    				                  >    				                  上海市",20吨,https://www.rawmex.cn/sell-9867453.html
2026-09-11,ABS,cngold,ABS,通用级,11650.0,（元/吨）,,,https://m.cngold.org/price/jg10753154.html
2026-09-11,HDPE,cngold,HDPE,牌号:5000S;用途级别:拉丝级,11100.0,（元/吨）,,,https://m.cngold.org/price/jg10753149.html
2026-09-11,LDPE,cngold,LDPE,牌号:2426H;用途级别:薄膜级,12200.0,（元/吨）,,,https://m.cngold.org/price/jg10753148.html
2026-09-11,PC,cngold,PC,通用级,15183.33,（元/吨）,,,https://m.cngold.org/price/jg10753152.html
2026-09-11,PE,cngold,PE,薄膜料,9608.33,（元/吨）,,,https://m.cngold.org/price/jg10753107.html
2026-09-11,PET,cngold,PET,用途级别:水瓶级,8616.25,（元/吨）,,,https://m.cngold.org/price/jg10753150.html
2026-09-11,POM,cngold,POM,MC90,11900.0,（元/吨）,,,https://m.cngold.org/price/jg10753120.html
2026-09-11,PP,cngold,PP(纤维),牌号:Z30S;用途级别:纤维级,9837.5,（元/吨）,,,https://m.cngold.org/price/jg10753156.html
2026-09-11,PP,cngold,PP(拉丝),L5E89,10033.33,（元/吨）,,,https://m.cngold.org/price/jg10753156.html
2026-09-11,PS,cngold,PS,牌号:525;用途级别:注塑级,10916.67,（元/吨）,,,https://m.cngold.org/price/jg10753155.html
2026-09-11,PVC,cngold,PVC,SG-5 优等品,4939.0,（元/吨）,,,https://m.cngold.org/price/jg10753157.html
2026-09-14,ABS,cngold,ABS,通用级,11616.67,（元/吨）,,,https://m.cngold.org/price/jg10757307.html
2026-09-14,HDPE,cngold,HDPE,牌号:5000S;用途级别:拉丝级,11100.0,（元/吨）,,,https://m.cngold.org/price/jg10757302.html
2026-09-14,LDPE,cngold,LDPE,牌号:2426H;用途级别:薄膜级,12200.0,（元/吨）,,,https://m.cngold.org/price/jg10757301.html
2026-09-14,PC,cngold,PC,通用级,15333.33,（元/吨）,,,https://m.cngold.org/price/jg10757305.html
2026-09-14,PE,cngold,PE,薄膜料,9605.0,（元/吨）,,,https://m.cngold.org/price/jg10757259.html
2026-09-14,PET,cngold,PET,用途级别:水瓶级,8651.25,（元/吨）,,,https://m.cngold.org/price/jg10757303.html
2026-09-14,POM,cngold,POM,MC90,11900.0,（元/吨）,,,https://m.cngold.org/price/jg10757272.html
2026-09-14,PP,cngold,PP(纤维),牌号:Z30S;用途级别:纤维级,10000.0,（元/吨）,,,https://m.cngold.org/price/jg10757309.html
2026-09-14,PP,cngold,PP(拉丝),L5E89,10100.0,（元/吨）,,,https://m.cngold.org/price/jg10757309.html
2026-09-14,PS,cngold,PS,牌号:525;用途级别:注塑级,10916.67,（元/吨）,,,https://m.cngold.org/price/jg10757308.html
2026-09-14,PVC,cngold,PVC,SG-5 优等品,4818.0,（元/吨）,,,https://m.cngold.org/price/jg10757310.html
2026-09-14,PP,rawmex,PP,镇海炼化 T30S,11600.0,元/吨,"浙江省
  				                    				                    				                    				                  >    				                  宁波市",27吨,https://www.rawmex.cn/sell-9913513.html
2026-09-14,PP,rawmex,PP,镇海炼化 T30S,11900.0,元/吨,"浙江省
  				                    				                    				                    				                  >    				                  宁波市",27吨,https://www.rawmex.cn/sell-9913512.html
2026-09-14,PP,rawmex,PP,镇海炼化 T30S,11800.0,元/吨,"浙江省
  				                    				                    				                    				                  >    				                  宁波市",27吨,https://www.rawmex.cn/sell-9913511.html
2026-09-14,PP,rawmex,PP,抚顺石化 L5E89,10050.0,元/吨,"山东省
  				                    				                    				                    				                  >    				                  临沂市",99吨,https://www.rawmex.cn/sell-9913508.html
2026-09-14,PP,rawmex,PP,抚顺石化 L5E89,10200.0,元/吨,"山东省
  				                    				                    				                    				                  >    				                  临沂市",66吨,https://www.rawmex.cn/sell-9913509.html
2026-09-14,PP,rawmex,PP,抚顺石化 L5E89,10050.0,元/吨,"山东省
  				                    				                    				                    				                  >    				                  临沂市",66吨,https://www.rawmex.cn/sell-9913507.html
2026-09-14,PP,rawmex,PP,中煤 L5E89,10030.0,元/吨,"浙江省
  				                    				                    				                    				                  >    				                  金华市",33吨,https://www.rawmex.cn/sell-9910785.html
2026-09-14,PP,rawmex,PP,中煤 L5E89,10200.0,元/吨,"浙江省
  				                    				                    				                    				                  >    				                  杭州市",34吨,https://www.rawmex.cn/sell-9910703.html
2026-09-14,PP,rawmex,PP,5200XT,11300.0,元/吨,"江苏省
  				                    				                    				                    				                  >    				                  苏州市",32吨,https://www.rawmex.cn/sell-9909633.html
2026-09-14,PP,rawmex,PP,5200XT,11300.0,元/吨,"江苏省
  				                    				                    				                    				                  >    				                  苏州市",32吨,https://www.rawmex.cn/sell-9909634.html
2026-09-14,PP,rawmex,PP,5250T,11300.0,元/吨,"上海
  				                    				                    				                    				                  >    				                  上海市",32吨,https://www.rawmex.cn/sell-9909637.html
2026-09-14,PP,rawmex,PP,5250T,11300.0,元/吨,"上海
  				                    				                    				                    				                  >    				                  上海市",32吨,https://www.rawmex.cn/sell-9909638.html
2026-09-14,PP,rawmex,PP,M800E,11800.0,元/吨,上海,20吨,https://www.rawmex.cn/sell-9909625.html
2026-09-14,PP,rawmex,PP,M800E,11800.0,元/吨,上海,20吨,https://www.rawmex.cn/sell-9909626.html
2026-09-14,PP,rawmex,PP,中煤 L5E89,10200.0,元/吨,"浙江省
  				                    				                    				                    				                  >    				                  金华市",66吨,https://www.rawmex.cn/sell-9904850.html
2026-09-14,PP,rawmex,PP,牌号:T30S;用途级别:拉丝级;,10700.0,元/吨,湖北省,30.0吨,https://www.rawmex.cn/sell-9886950.html
2026-09-14,ABS,rawmex,ABS,吉林石化 0215A,11650.0,元/吨,"广东省
  				                    				                    				                    				                  >    				                  揭阳市",64吨,https://www.rawmex.cn/sell-9913462.html
2026-09-14,ABS,rawmex,ABS,吉林石化 0215A,11600.0,元/吨,"广东省
  				                    				                    				                    				                  >    				                  揭阳市",64吨,https://www.rawmex.cn/sell-9910795.html
2026-09-14,ABS,rawmex,ABS,吉林石化 0215A,11600.0,元/吨,"广东省
  				                    				                    				                    				                  >    				                  东莞市",64吨,https://www.rawmex.cn/sell-9910791.html
2026-09-14,ABS,rawmex,ABS,规格：PA-765A,32300.0,元/吨,"江苏省
  				                    				                    				                    				                  >    				                  常州市",15吨,https://www.rawmex.cn/sell-9909653.html
2026-09-14,ABS,rawmex,ABS,规格：PA-765A,32300.0,元/吨,"江苏省
  				                    				                    				                    				                  >    				                  常州市",15吨,https://www.rawmex.cn/sell-9909654.html
2026-09-14,ABS,rawmex,ABS,PA-757K,13300.0,元/吨,"上海
  				                    				                    				                    				                  >    				                  上海市",32吨,https://www.rawmex.cn/sell-9909647.html
2026-09-14,ABS,rawmex,ABS,PA-757K,13300.0,元/吨,"上海
  				                    				                    				                    				                  >    				                  上海市",32吨,https://www.rawmex.cn/sell-9909648.html
2026-09-14,ABS,rawmex,ABS,HI-121H,12700.0,元/吨,"上海
  				                    				                    				                    				                  >    				                  上海市",32吨,https://www.rawmex.cn/sell-9909635.html
2026-09-14,ABS,rawmex,ABS,HI-121H,12700.0,元/吨,"上海
  				                    				                    				                    				                  >    				                  上海市",32吨,https://www.rawmex.cn/sell-9909636.html
2026-09-14,ABS,rawmex,ABS,PA-758,17600.0,元/吨,"上海
  				                    				                    				                    				                  >    				                  上海市",15吨,https://www.rawmex.cn/sell-9909531.html
2026-09-14,ABS,rawmex,ABS,PA-758,17600.0,元/吨,"上海
  				                    				                    				                    				                  >    				                  上海市",15吨,https://www.rawmex.cn/sell-9909532.html
2026-09-14,ABS,rawmex,ABS,D-1000,18800.0,元/吨,"上海
  				                    				                    				                    				                  >    				                  上海市",10吨,https://www.rawmex.cn/sell-9909533.html
2026-09-14,ABS,rawmex,ABS,D-1000,18800.0,元/吨,"上海
  				                    				                    				                    				                  >    				                  上海市",10吨,https://www.rawmex.cn/sell-9909534.html
2026-09-14,ABS,rawmex,ABS,DG-417,12800.0,元/吨,"上海
  				                    				                    				                    				                  >    				                  上海市",32吨,https://www.rawmex.cn/sell-9909525.html
2026-09-14,ABS,rawmex,ABS,DG-417,12800.0,元/吨,"上海
  				                    				                    				                    				                  >    				                  上海市",32吨,https://www.rawmex.cn/sell-9909526.html
2026-09-14,PC,rawmex,PC,鲁西化工 LXTY1609T-11,15350.0,元/吨,"广东省
  				                    				                    				                    				                  >    				                  东莞市",80吨,https://www.rawmex.cn/sell-9913465.html
2026-09-14,PC,rawmex,PC,鲁西化工 LXTY1609T-11,15300.0,元/吨,"广东省
  				                    				                    				                    				                  >    				                  东莞市",80吨,https://www.rawmex.cn/sell-9913464.html
2026-09-14,PC,rawmex,PC,鲁西化工 LXTY1609T-11,15350.0,元/吨,"广东省
  				                    				                    				                    				                  >    				                  汕头市",80吨,https://www.rawmex.cn/sell-9913463.html
2026-09-14,PC,rawmex,PC,牌号1100,15800.0,元/吨,"江苏省
  				                    				                    				                    				                  >    				                  苏州市",10吨,https://www.rawmex.cn/sell-9909640.html
2026-09-14,PC,rawmex,PC,2407,17600.0,元/吨,"上海
  				                    				                    				                    				                  >    				                  上海市",10吨,https://www.rawmex.cn/sell-9909641.html
2026-09-14,PC,rawmex,PC,2407,17600.0,元/吨,"上海
  				                    				                    				                    				                  >    				                  上海市",10吨,https://www.rawmex.cn/sell-9909642.html
2026-09-14,PC,rawmex,PC,牌号1100,15800.0,元/吨,"江苏省
  				                    				                    				                    				                  >    				                  苏州市",10吨,https://www.rawmex.cn/sell-9909639.html
2026-09-14,PC,rawmex,PC,940,18800.0,元/吨,"上海
  				                    				                    				                    				                  >    				                  上海市",10吨,https://www.rawmex.cn/sell-9909541.html
2026-09-14,PC,rawmex,PC,940,18800.0,元/吨,"上海
  				                    				                    				                    				                  >    				                  上海市",10吨,https://www.rawmex.cn/sell-9909542.html
2026-09-14,PC,rawmex,PC,2805,16200.0,元/吨,"上海
  				                    				                    				                    				                  >    				                  上海市",10吨,https://www.rawmex.cn/sell-9909535.html
2026-09-14,PC,rawmex,PC,2805,16200.0,元/吨,"上海
  				                    				                    				                    				                  >    				                  上海市",10吨,https://www.rawmex.cn/sell-9909536.html
2026-09-14,PC,rawmex,PC,LED2245  000000,36300.0,元/吨,"上海
  				                    				                    				                    				                  >    				                  上海市",5吨,https://www.rawmex.cn/sell-9909537.html
2026-09-14,PC,rawmex,PC,LED2245  000000,36300.0,元/吨,"上海
  				                    				                    				                    				                  >    				                  上海市",5吨,https://www.rawmex.cn/sell-9909538.html
2026-09-14,PC,rawmex,PC,141R-111,15800.0,元/吨,"上海
  				                    				                    				                    				                  >    				                  上海市",30吨,https://www.rawmex.cn/sell-9909527.html
2026-09-14,PC,rawmex,PC,141R-111,15800.0,元/吨,"上海
  				                    				                    				                    				                  >    				                  上海市",30吨,https://www.rawmex.cn/sell-9909528.html
2026-09-14,PC,rawmex,PC,PC-110,18600.0,元/吨,"上海
  				                    				                    				                    				                  >    				                  上海市",10吨,https://www.rawmex.cn/sell-9909529.html
2026-09-14,PC,rawmex,PC,PC-110,18600.0,元/吨,"上海
  				                    				                    				                    				                  >    				                  上海市",10吨,https://www.rawmex.cn/sell-9909530.html
2026-09-14,POM,rawmex,POM,K90,9800.0,元/吨,"江苏省
  				                    				                    				                    				                  >    				                  苏州市",32吨,https://www.rawmex.cn/sell-9909649.html
2026-09-14,POM,rawmex,POM,K90,9800.0,元/吨,"江苏省
  				                    				                    				                    				                  >    				                  苏州市",32吨,https://www.rawmex.cn/sell-9909650.html
2026-09-14,POM,rawmex,POM,K90-1,9800.0,元/吨,"江苏省
  				                    				                    				                    				                  >    				                  苏州市",32吨,https://www.rawmex.cn/sell-9909643.html
2026-09-14,POM,rawmex,POM,K90-1,9800.0,元/吨,"江苏省
  				                    				                    				                    				                  >    				                  苏州市",32吨,https://www.rawmex.cn/sell-9909644.html
2026-09-14,POM,rawmex,POM,牌号:TS-22H  玻纤增强,22500.0,元/吨,"上海
  				                    				                    				                    				                  >    				                  上海市",10公斤,https://www.rawmex.cn/sell-9909631.html
2026-09-14,POM,rawmex,POM,牌号:TS-22H  玻纤增强,22500.0,元/吨,"上海
  				                    				                    				                    				                  >    				                  上海市",10公斤,https://www.rawmex.cn/sell-9909632.html
2026-09-14,POM,rawmex,POM,牌号:4520;,16500.0,元/吨,"江苏省
  				                    				                    				                    				                  >    				                  苏州市",8吨,https://www.rawmex.cn/sell-9909615.html
2026-09-14,POM,rawmex,POM,牌号:4520;,16500.0,元/吨,"江苏省
  				                    				                    				                    				                  >    				                  苏州市",8吨,https://www.rawmex.cn/sell-9909616.html
2026-09-14,POM,rawmex,POM,100ST,44500.0,元/吨,"上海
  				                    				                    				                    				                  >    				                  上海市",6吨,https://www.rawmex.cn/sell-9909609.html
2026-09-14,POM,rawmex,POM,100ST,44500.0,元/吨,"上海
  				                    				                    				                    				                  >    				                  上海市",6吨,https://www.rawmex.cn/sell-9909610.html
2026-09-14,POM,rawmex,POM,F20-02,13200.0,元/吨,"上海
  				                    				                    				                    				                  >    				                  上海市",10吨,https://www.rawmex.cn/sell-9909611.html
2026-09-14,POM,rawmex,POM,F20-02,13200.0,元/吨,"上海
  				                    				                    				                    				                  >    				                  上海市",10吨,https://www.rawmex.cn/sell-9909612.html
2026-09-14,POM,rawmex,POM,M90-44,15800.0,元/吨,"浙江省
  				                    				                    				                    				                  >    				                  宁波市",20吨,https://www.rawmex.cn/sell-9909603.html
2026-09-14,POM,rawmex,POM,M90-44,15800.0,元/吨,"浙江省
  				                    				                    				                    				                  >    				                  宁波市",20吨,https://www.rawmex.cn/sell-9909604.html
2026-09-14,POM,rawmex,POM,M90 云天化加纤10%,12800.0,元/吨,"上海
  				                    				                    				                    				                  >    				                  上海市",30吨,https://www.rawmex.cn/sell-9909605.html
2026-09-14,POM,rawmex,POM,M90 云天化加纤10%,12800.0,元/吨,"上海
  				                    				                    				                    				                  >    				                  上海市",30吨,https://www.rawmex.cn/sell-9909606.html
2026-09-14,POM,rawmex,POM,M90,13200.0,元/吨,"浙江省
  				                    				                    				                    				                  >    				                  宁波市",26吨,https://www.rawmex.cn/sell-9909597.html
2026-09-14,POM,rawmex,POM,M90,13200.0,元/吨,"浙江省
  				                    				                    				                    				                  >    				                  宁波市",26吨,https://www.rawmex.cn/sell-9909598.html
2026-09-14,POM,rawmex,POM,UM-01,14200.0,元/吨,"上海
  				                    				                    				                    				                  >    				                  上海市",20吨,https://www.rawmex.cn/sell-9909587.html
2026-09-14,POM,rawmex,POM,UM-01,14200.0,元/吨,"上海
  				                    				                    				                    				                  >    				                  上海市",20吨,https://www.rawmex.cn/sell-9909588.html
2026-09-14,PA6,rawmex,PA6,YH800,15500.0,元/吨,"上海
  				                    				                    				                    				                  >    				                  上海市",32吨,https://www.rawmex.cn/sell-9909652.html
2026-09-14,PA6,rawmex,PA6,YH800,15500.0,元/吨,"上海
  				                    				                    				                    				                  >    				                  上海市",32吨,https://www.rawmex.cn/sell-9909651.html
2026-09-14,PA6,rawmex,PA6,73G45L,18000.0,元/吨,"上海
  				                    				                    				                    				                  >    				                  上海市",10吨,https://www.rawmex.cn/sell-9909617.html
2026-09-14,PA6,rawmex,PA6,73G45L,18000.0,元/吨,"上海
  				                    				                    				                    				                  >    				                  上海市",10吨,https://www.rawmex.cn/sell-9909618.html
2026-09-14,PA6,rawmex,PA6,1013B,18500.0,元/吨,"上海
  				                    				                    				                    				                  >    				                  上海市",22吨,https://www.rawmex.cn/sell-9909619.html
2026-09-14,PA6,rawmex,PA6,1013B,18500.0,元/吨,"上海
  				                    				                    				                    				                  >    				                  上海市",22吨,https://www.rawmex.cn/sell-9909620.html
2026-09-14,PA66,rawmex,PA66,101L,27500.0,元/吨,"浙江省
  				                    				                    				                    				                  >    				                  宁波市",10公斤,https://www.rawmex.cn/sell-9909629.html
2026-09-14,PA66,rawmex,PA66,101L,27500.0,元/吨,"浙江省
  				                    				                    				                    				                  >    				                  宁波市",10公斤,https://www.rawmex.cn/sell-9909630.html
2026-09-14,PA66,rawmex,PA66,EPR27,19300.0,元/吨,"浙江省
  				                    				                    				                    				                  >    				                  宁波市",20吨,https://www.rawmex.cn/sell-9909621.html
2026-09-14,PA66,rawmex,PA66,EPR27,19300.0,元/吨,"浙江省
  				                    				                    				                    				                  >    				                  宁波市",20吨,https://www.rawmex.cn/sell-9909622.html
2026-09-14,PA66,rawmex,PA66,FR370,38400.0,元/吨,"上海
  				                    				                    				                    				                  >    				                  上海市",20吨,https://www.rawmex.cn/sell-9909599.html
2026-09-14,PA66,rawmex,PA66,FR370,38400.0,元/吨,"上海
  				                    				                    				                    				                  >    				                  上海市",20吨,https://www.rawmex.cn/sell-9909600.html
2026-09-14,PA66,rawmex,PA66,A3WG6,29600.0,元/吨,"上海
  				                    				                    				                    				                  >    				                  上海市",10吨,https://www.rawmex.cn/sell-9909601.html
2026-09-14,PA66,rawmex,PA66,A3WG6,29600.0,元/吨,"上海
  				                    				                    				                    				                  >    				                  上海市",10吨,https://www.rawmex.cn/sell-9909602.html
2026-09-14,PA66,rawmex,PA66,A3WG6,29600.0,元/吨,"浙江省
  				                    				                    				                    				                  >    				                  宁波市",10吨,https://www.rawmex.cn/sell-9909593.html
2026-09-14,PA66,rawmex,PA66,A3WG6,29600.0,元/吨,"浙江省
  				                    				                    				                    				                  >    				                  宁波市",10吨,https://www.rawmex.cn/sell-9909594.html
2026-09-14,PA66,rawmex,PA66,牌号：NC010；用途：通用级；,38800.0,元/吨,"上海
  				                    				                    				                    				                  >    				                  上海市",16吨,https://www.rawmex.cn/sell-9909595.html
2026-09-14,PA66,rawmex,PA66,牌号：NC010；用途：通用级；,38800.0,元/吨,"上海
  				                    				                    				                    				                  >    				                  上海市",16吨,https://www.rawmex.cn/sell-9909596.html
2026-09-14,PA66,rawmex,PA66,A3EG3,31200.0,元/吨,"江苏省
  				                    				                    				                    				                  >    				                  苏州市",32吨,https://www.rawmex.cn/sell-9909573.html
2026-09-14,PA66,rawmex,PA66,A3EG3,31200.0,元/吨,"江苏省
  				                    				                    				                    				                  >    				                  苏州市",32吨,https://www.rawmex.cn/sell-9909574.html
2026-09-14,PET,rawmex,PET,浙江万凯 水瓶级 浙江万凯,8800.0,元/吨,"浙江省
  				                    				                    				                    				                  >    				                  嘉兴市",100吨,https://www.rawmex.cn/sell-9913922.html
2026-09-14,PET,rawmex,PET,"三房巷 水瓶级 三房巷 优等品,GB/T 17931-2018",8800.0,元/吨,"江苏省
  				                    				                    				                    				                  >    				                  无锡市",90吨,https://www.rawmex.cn/sell-9902854.html
2026-09-14,PET,rawmex,PET,"浙江万凯 水瓶级 浙江万凯 优等品,GB/T 17931-2018",8750.0,元/吨,"浙江省
  				                    				                    				                    				                  >    				                  嘉兴市",60吨,https://www.rawmex.cn/sell-9913582.html
2026-09-14,PET,rawmex,PET,"三房巷 水瓶级 三房巷 优等品,GB/T 17931-2018",8680.0,元/吨,"江苏省
  				                    				                    				                    				                  >    				                  无锡市",60吨,https://www.rawmex.cn/sell-9913583.html
2026-09-14,PET,rawmex,PET,"三房巷 水瓶级 三房巷 优等品,GB/T 17931-2018",8750.0,元/吨,"江苏省
  				                    				                    				                    				                  >    				                  无锡市",90吨,https://www.rawmex.cn/sell-9913581.html
2026-09-14,PET,rawmex,PET,浙江万凯 水瓶级 浙江万凯,8800.0,元/吨,"浙江省
  				                    				                    				                    				                  >    				                  嘉兴市",100吨,https://www.rawmex.cn/sell-9910809.html
2026-09-14,PET,rawmex,PET,WK-801,8850.0,元/吨,"浙江省
  				                    				                    				                    				                  >    				                  宁波市",100吨,https://www.rawmex.cn/sell-9909674.html
2026-09-14,PET,rawmex,PET,8816,8900.0,元/吨,"江苏省
  				                    				                    				                    				                  >    				                  常州市",100吨,https://www.rawmex.cn/sell-9909675.html
2026-09-14,PET,rawmex,PET,CZ-328,8650.0,元/吨,"江苏省
  				                    				                    				                    				                  >    				                  常州市",50吨,https://www.rawmex.cn/sell-9909668.html
2026-09-14,PET,rawmex,PET,WK-881,8850.0,元/吨,"浙江省
  				                    				                    				                    				                  >    				                  宁波市",50吨,https://www.rawmex.cn/sell-9909669.html
2026-09-14,PET,rawmex,PET,WK-881,8850.0,元/吨,"浙江省
  				                    				                    				                    				                  >    				                  宁波市",50吨,https://www.rawmex.cn/sell-9909670.html
2026-09-14,PET,rawmex,PET,WK-821,8850.0,元/吨,"浙江省
  				                    				                    				                    				                  >    				                  宁波市",50吨,https://www.rawmex.cn/sell-9909671.html
2026-09-14,PET,rawmex,PET,WK-821,8850.0,元/吨,"浙江省
  				                    				                    				                    				                  >    				                  宁波市",50吨,https://www.rawmex.cn/sell-9909672.html
2026-09-14,PET,rawmex,PET,WK-801,8850.0,元/吨,"浙江省
  				                    				                    				                    				                  >    				                  宁波市",100吨,https://www.rawmex.cn/sell-9909673.html
2026-09-14,PET,rawmex,PET,CR-8839,8900.0,元/吨,"江苏省
  				                    				                    				                    				                  >    				                  常州市",100吨,https://www.rawmex.cn/sell-9909662.html
2026-09-14,PET,rawmex,PET,CR-8863,8900.0,元/吨,"江苏省
  				                    				                    				                    				                  >    				                  常州市",50吨,https://www.rawmex.cn/sell-9909663.html
2026-09-14,PET,rawmex,PET,CR-8863,8900.0,元/吨,"江苏省
  				                    				                    				                    				                  >    				                  常州市",50吨,https://www.rawmex.cn/sell-9909664.html
2026-09-14,PET,rawmex,PET,CR-8816,8900.0,元/吨,"江苏省
  				                    				                    				                    				                  >    				                  常州市",100吨,https://www.rawmex.cn/sell-9909665.html
2026-09-14,PET,rawmex,PET,CR-8816,8900.0,元/吨,"江苏省
  				                    				                    				                    				                  >    				                  常州市",100吨,https://www.rawmex.cn/sell-9909666.html
2026-09-14,PET,rawmex,PET,CZ-328,8650.0,元/吨,"江苏省
  				                    				                    				                    				                  >    				                  常州市",50吨,https://www.rawmex.cn/sell-9909667.html
2026-09-14,PVC,rawmex,PVC,SG-5 优等品 中泰,5000.0,元/吨,"江苏省
  				                    				                    				                    				                  >    				                  常州市",100吨,https://www.rawmex.cn/sell-9906955.html
2026-09-14,PVC,rawmex,PVC,SG-5 优等品 中泰,5000.0,元/吨,"江苏省
  				                    				                    				                    				                  >    				                  常州市",100吨,https://www.rawmex.cn/sell-9906953.html
2026-09-14,PVC,rawmex,PVC,SG-5 优等品 中泰,5000.0,元/吨,"江苏省
  				                    				                    				                    				                  >    				                  常州市",100吨,https://www.rawmex.cn/sell-9906951.html
2026-09-14,PVC,rawmex,PVC,SG-5 优等品 鲁泰,4900.0,元/吨,"山东省
  				                    				                    				                    				                  >    				                  济宁市",100吨,https://www.rawmex.cn/sell-9906946.html
2026-09-14,PVC,rawmex,PVC,SG-5 优等品 鲁泰,4900.0,元/吨,"山东省
  				                    				                    				                    				                  >    				                  济宁市",100吨,https://www.rawmex.cn/sell-9906944.html
2026-09-14,PVC,rawmex,PVC,SG-5 优等品 鲁泰,4900.0,元/吨,"山东省
  				                    				                    				                    				                  >    				                  济宁市",100吨,https://www.rawmex.cn/sell-9906942.html
2026-09-14,PVC,rawmex,PVC,SG-5 优等品 鲁泰,4900.0,元/吨,"山东省
  				                    				                    				                    				                  >    				                  济宁市",100吨,https://www.rawmex.cn/sell-9906938.html
2026-09-14,PVC,rawmex,PVC,SG-5 优等品 鲁泰,4900.0,元/吨,"山东省
  				                    				                    				                    				                  >    				                  济宁市",100吨,https://www.rawmex.cn/sell-9906936.html
2026-09-14,PVC,rawmex,PVC,SG-5 优等品 信发,4860.0,元/吨,"山东省
  				                    				                    				                    				                  >    				                  聊城市",100吨,https://www.rawmex.cn/sell-9906837.html
2026-09-14,PVC,rawmex,PVC,SG-5 优等品 信发,4860.0,元/吨,"山东省
  				                    				                    				                    				                  >    				                  聊城市",100吨,https://www.rawmex.cn/sell-9906820.html
2026-09-14,PVC,rawmex,PVC,SG-5 优等品 信发,4860.0,元/吨,"山东省
  				                    				                    				                    				                  >    				                  聊城市",100吨,https://www.rawmex.cn/sell-9906794.html
2026-09-14,PVC,rawmex,PVC,SG-5 优等品 信发,4860.0,元/吨,"山东省
  				                    				                    				                    				                  >    				                  聊城市",100吨,https://www.rawmex.cn/sell-9906786.html
2026-09-14,PVC,rawmex,PVC,SG-5 优等品 信发,4900.0,元/吨,"山东省
  				                    				                    				                    				                  >    				                  聊城市",100吨,https://www.rawmex.cn/sell-9906776.html
2026-09-14,LDPE,rawmex,LDPE,Q281,12800.0,元/吨,"上海
  				                    				                    				                    				                  >    				                  上海市",20吨,https://www.rawmex.cn/sell-9909645.html
2026-09-14,LDPE,rawmex,LDPE,Q281,12800.0,元/吨,"上海
  				                    				                    				                    				                  >    				                  上海市",20吨,https://www.rawmex.cn/sell-9909646.html
2026-09-15,ABS,cngold,ABS,通用级,11583.33,（元/吨）,,,https://m.cngold.org/price/jg10760030.html
2026-09-15,HDPE,cngold,HDPE,牌号:5000S;用途级别:拉丝级,11025.0,（元/吨）,,,https://m.cngold.org/price/jg10760025.html
2026-09-15,LDPE,cngold,LDPE,牌号:2426H;用途级别:薄膜级,12266.67,（元/吨）,,,https://m.cngold.org/price/jg10760024.html
2026-09-15,PC,cngold,PC,通用级,15333.33,（元/吨）,,,https://m.cngold.org/price/jg10760028.html
2026-09-15,PE,cngold,PE,薄膜料,9581.67,（元/吨）,,,https://m.cngold.org/price/jg10759983.html
2026-09-15,PET,cngold,PET,用途级别:水瓶级,8662.08,（元/吨）,,,https://m.cngold.org/price/jg10760026.html
2026-09-15,POM,cngold,POM,MC90,11900.0,（元/吨）,,,https://m.cngold.org/price/jg10759996.html
2026-09-15,PP,cngold,PP(纤维),牌号:Z30S;用途级别:纤维级,10087.5,（元/吨）,,,https://m.cngold.org/price/jg10760032.html
2026-09-15,PP,cngold,PP(拉丝),L5E89,10100.0,（元/吨）,,,https://m.cngold.org/price/jg10760032.html
2026-09-15,PS,cngold,PS,牌号:525;用途级别:注塑级,11150.0,（元/吨）,,,https://m.cngold.org/price/jg10760031.html
2026-09-15,PP,rawmex,PP,镇海炼化 T30S,11600.0,元/吨,"浙江省
  				                    				                    				                    				                  >    				                  宁波市",27吨,https://www.rawmex.cn/sell-9944646.html
2026-09-15,PP,rawmex,PP,镇海炼化 T30S,11900.0,元/吨,"浙江省
  				                    				                    				                    				                  >    				                  宁波市",27吨,https://www.rawmex.cn/sell-9944645.html
2026-09-15,PP,rawmex,PP,镇海炼化 T30S,11800.0,元/吨,"浙江省
  				                    				                    				                    				                  >    				                  宁波市",27吨,https://www.rawmex.cn/sell-9944644.html
2026-09-15,PP,rawmex,PP,抚顺石化 L5E89,10200.0,元/吨,"山东省
  				                    				                    				                    				                  >    				                  临沂市",66吨,https://www.rawmex.cn/sell-9944641.html
2026-09-15,PP,rawmex,PP,抚顺石化 L5E89,10050.0,元/吨,"山东省
  				                    				                    				                    				                  >    				                  临沂市",99吨,https://www.rawmex.cn/sell-9944642.html
2026-09-15,PP,rawmex,PP,抚顺石化 L5E89,10050.0,元/吨,"山东省
  				                    				                    				                    				                  >    				                  临沂市",66吨,https://www.rawmex.cn/sell-9944323.html
2026-09-15,PP,rawmex,PP,中煤 L5E89,10010.0,元/吨,"浙江省
  				                    				                    				                    				                  >    				                  金华市",33吨,https://www.rawmex.cn/sell-9943339.html
2026-09-15,PP,rawmex,PP,中煤 L5E89,10000.0,元/吨,"浙江省
  				                    				                    				                    				                  >    				                  杭州市",34吨,https://www.rawmex.cn/sell-9941344.html
2026-09-15,PP,rawmex,PP,中煤 L5E89,10070.0,元/吨,"浙江省
  				                    				                    				                    				                  >    				                  金华市",66吨,https://www.rawmex.cn/sell-9930520.html
2026-09-15,PP,rawmex,PP,牌号:T30S;用途级别:拉丝级;,10700.0,元/吨,湖北省,30.0吨,https://www.rawmex.cn/sell-9918459.html
2026-09-15,ABS,rawmex,ABS,吉林石化 0215A,11600.0,元/吨,"广东省
  				                    				                    				                    				                  >    				                  揭阳市",64吨,https://www.rawmex.cn/sell-9944319.html
2026-09-15,ABS,rawmex,ABS,吉林石化 0215A,11600.0,元/吨,"广东省
  				                    				                    				                    				                  >    				                  揭阳市",64吨,https://www.rawmex.cn/sell-9943345.html
2026-09-15,ABS,rawmex,ABS,吉林石化 0215A,11550.0,元/吨,"广东省
  				                    				                    				                    				                  >    				                  东莞市",64吨,https://www.rawmex.cn/sell-9943344.html
2026-09-15,PC,rawmex,PC,鲁西化工 LXTY1609T-11,15350.0,元/吨,"广东省
  				                    				                    				                    				                  >    				                  汕头市",80吨,https://www.rawmex.cn/sell-9944322.html
2026-09-15,PC,rawmex,PC,鲁西化工 LXTY1609T-11,15300.0,元/吨,"广东省
  				                    				                    				                    				                  >    				                  东莞市",80吨,https://www.rawmex.cn/sell-9944321.html
2026-09-15,PC,rawmex,PC,鲁西化工 LXTY1609T-11,15350.0,元/吨,"广东省
  				                    				                    				                    				                  >    				                  东莞市",80吨,https://www.rawmex.cn/sell-9944320.html
2026-09-15,POM,rawmex,POM,F20-03,12500.0,元/吨,江苏省,100吨,https://www.rawmex.cn/sell-9928475.html
2026-09-15,POM,rawmex,POM,F20-02,12500.0,元/吨,江苏省,100吨,https://www.rawmex.cn/sell-9928438.html
2026-09-15,POM,rawmex,POM,100P  NC010,35000.0,元/吨,江苏省,100吨,https://www.rawmex.cn/sell-9928372.html
2026-09-15,POM,rawmex,POM,F20-03,12500.0,元/吨,江苏省,100吨,https://www.rawmex.cn/sell-9928312.html
2026-09-15,POM,rawmex,POM,F20-02,13000.0,元/吨,江苏省,100吨,https://www.rawmex.cn/sell-9928306.html
2026-09-15,POM,rawmex,POM,F20-02,13000.0,元/吨,江苏省,100吨,https://www.rawmex.cn/sell-9928240.html
2026-09-15,POM,rawmex,POM,M90-44,12500.0,元/吨,江苏省,100吨,https://www.rawmex.cn/sell-9928141.html
2026-09-15,POM,rawmex,POM,100ST,32000.0,元/吨,江苏省,100吨,https://www.rawmex.cn/sell-9928096.html
2026-09-15,POM,rawmex,POM,M90-04,12500.0,元/吨,江苏省,100吨,https://www.rawmex.cn/sell-9928065.html
2026-09-15,POM,rawmex,POM,FM270,13500.0,元/吨,江苏省,100吨,https://www.rawmex.cn/sell-9928014.html
2026-09-15,POM,rawmex,POM,M90,11200.0,元/吨,江苏省,100吨,https://www.rawmex.cn/sell-9924280.html
2026-09-15,POM,rawmex,POM,M270,11200.0,元/吨,江苏省,100吨,https://www.rawmex.cn/sell-9924150.html
2026-09-15,POM,rawmex,POM,30A,9000.0,元/吨,江苏省,100吨,https://www.rawmex.cn/sell-9924041.html
2026-09-15,POM,rawmex,POM,500P,29800.0,元/吨,江苏省,100吨,https://www.rawmex.cn/sell-9923948.html
2026-09-15,POM,rawmex,POM,K90,9200.0,元/吨,江苏省,100吨,https://www.rawmex.cn/sell-9923782.html
2026-09-15,POM,rawmex,POM,MC90,9200.0,元/吨,江苏省,100吨,https://www.rawmex.cn/sell-9923583.html
2026-09-15,POM,rawmex,POM,270,11000.0,元/吨,浙江省,100吨,https://www.rawmex.cn/sell-9923467.html
2026-09-15,POM,rawmex,POM,MC90-L,9000.0,元/吨,江苏省,100吨,https://www.rawmex.cn/sell-9923297.html
2026-09-15,POM,rawmex,POM,MC90-01,9200.0,元/吨,江苏省,100吨,https://www.rawmex.cn/sell-9923180.html
2026-09-15,POM,rawmex,POM,MC90,9200.0,元/吨,江苏省,100吨,https://www.rawmex.cn/sell-9923089.html
2026-09-15,PET,rawmex,PET,浙江万凯 水瓶级 浙江万凯,8750.0,元/吨,"浙江省
  				                    				                    				                    				                  >    				                  嘉兴市",100吨,https://www.rawmex.cn/sell-9944806.html
2026-09-15,PET,rawmex,PET,"三房巷 水瓶级 三房巷 优等品,GB/T 17931-2018",8700.0,元/吨,"江苏省
  				                    				                    				                    				                  >    				                  无锡市",90吨,https://www.rawmex.cn/sell-9932836.html
2026-09-15,PET,rawmex,PET,"浙江万凯 水瓶级 浙江万凯 优等品,GB/T 17931-2018",8750.0,元/吨,"浙江省
  				                    				                    				                    				                  >    				                  嘉兴市",100吨,https://www.rawmex.cn/sell-9939979.html
2026-09-15,PET,rawmex,PET,"三房巷 水瓶级 三房巷 优等品,GB/T 17931-2018",8650.0,元/吨,"江苏省
  				                    				                    				                    				                  >    				                  无锡市",150吨,https://www.rawmex.cn/sell-9933068.html
2026-09-15,PET,rawmex,PET,浙江万凯 水瓶级 浙江万凯,8750.0,元/吨,"浙江省
  				                    				                    				                    				                  >    				                  嘉兴市",100吨,https://www.rawmex.cn/sell-9939152.html
2026-09-15,PET,rawmex,PET,"浙江万凯 水瓶级 浙江万凯 优等品,GB/T 17931-2018",8750.0,元/吨,"浙江省
  				                    				                    				                    				                  >    				                  嘉兴市",100吨,https://www.rawmex.cn/sell-9932869.html
2026-09-15,PVC,rawmex,PVC,SG-5 优等品 中泰,4900.0,元/吨,"江苏省
  				                    				                    				                    				                  >    				                  常州市",100吨,https://www.rawmex.cn/sell-9942944.html
2026-09-15,PVC,rawmex,PVC,SG-5 优等品 中泰,4900.0,元/吨,"江苏省
  				                    				                    				                    				                  >    				                  常州市",100吨,https://www.rawmex.cn/sell-9942926.html
2026-09-15,PVC,rawmex,PVC,SG-5 优等品 中泰,4900.0,元/吨,"江苏省
  				                    				                    				                    				                  >    				                  常州市",100吨,https://www.rawmex.cn/sell-9941246.html
2026-09-15,PVC,rawmex,PVC,SG-5 优等品 鲁泰,4900.0,元/吨,"山东省
  				                    				                    				                    				                  >    				                  济宁市",100吨,https://www.rawmex.cn/sell-9939748.html
2026-09-15,PVC,rawmex,PVC,SG-5 优等品 鲁泰,4900.0,元/吨,"山东省
  				                    				                    				                    				                  >    				                  济宁市",100吨,https://www.rawmex.cn/sell-9939741.html
2026-09-15,PVC,rawmex,PVC,SG-5 优等品 鲁泰,4900.0,元/吨,"山东省
  				                    				                    				                    				                  >    				                  济宁市",100吨,https://www.rawmex.cn/sell-9939737.html
2026-09-15,PVC,rawmex,PVC,SG-5 优等品 鲁泰,4900.0,元/吨,"山东省
  				                    				                    				                    				                  >    				                  济宁市",100吨,https://www.rawmex.cn/sell-9939731.html
2026-09-15,PVC,rawmex,PVC,SG-5 优等品 鲁泰,4900.0,元/吨,"山东省
  				                    				                    				                    				                  >    				                  济宁市",100吨,https://www.rawmex.cn/sell-9939724.html
2026-09-15,PVC,rawmex,PVC,SG-5 优等品 信发,4860.0,元/吨,"山东省
  				                    				                    				                    				                  >    				                  聊城市",100吨,https://www.rawmex.cn/sell-9939697.html
2026-09-15,PVC,rawmex,PVC,SG-5 优等品 信发,4860.0,元/吨,"山东省
  				                    				                    				                    				                  >    				                  聊城市",100吨,https://www.rawmex.cn/sell-9939691.html
2026-09-15,PVC,rawmex,PVC,SG-5 优等品 信发,4860.0,元/吨,"山东省
  				                    				                    				                    				                  >    				                  聊城市",100吨,https://www.rawmex.cn/sell-9939676.html
2026-09-15,PVC,rawmex,PVC,SG-5 优等品 信发,4860.0,元/吨,"山东省
  				                    				                    				                    				                  >    				                  聊城市",100吨,https://www.rawmex.cn/sell-9939667.html
2026-09-15,PVC,rawmex,PVC,SG-5 优等品 信发,4860.0,元/吨,"山东省
  				                    				                    				                    				                  >    				                  聊城市",100吨,https://www.rawmex.cn/sell-9939647.html
2026-09-16,ABS,cngold,ABS,通用级,11533.33,（元/吨）,,,https://m.cngold.org/price/jg10762767.html
2026-09-16,HDPE,cngold,HDPE,牌号:5000S;用途级别:拉丝级,11012.5,（元/吨）,,,https://m.cngold.org/price/jg10762762.html
2026-09-16,LDPE,cngold,LDPE,牌号:2426H;用途级别:薄膜级,12266.67,（元/吨）,,,https://m.cngold.org/price/jg10762761.html
2026-09-16,PC,cngold,PC,通用级,15366.67,（元/吨）,,,https://m.cngold.org/price/jg10762765.html
2026-09-16,PE,cngold,PE,薄膜料,9611.67,（元/吨）,,,https://m.cngold.org/price/jg10762720.html
2026-09-16,PET,cngold,PET,用途级别:水瓶级,9030.42,（元/吨）,,,https://m.cngold.org/price/jg10762763.html
2026-09-16,POM,cngold,POM,MC90,11900.0,（元/吨）,,,https://m.cngold.org/price/jg10762733.html
2026-09-16,PP,cngold,PP(纤维),牌号:Z30S;用途级别:纤维级,10075.0,（元/吨）,,,https://m.cngold.org/price/jg10762769.html
2026-09-16,PP,cngold,PP(拉丝),L5E89,10116.67,（元/吨）,,,https://m.cngold.org/price/jg10762769.html
2026-09-16,PS,cngold,PS,牌号:525;用途级别:注塑级,11183.33,（元/吨）,,,https://m.cngold.org/price/jg10762768.html
2026-09-16,PVC,cngold,PVC,SG-5 优等品,4766.0,（元/吨）,,,https://m.cngold.org/price/jg10762770.html
2026-09-16,PP,rawmex,PP,镇海炼化 T30S,11800.0,元/吨,"浙江省
  				                    				                    				                    				                  >    				                  宁波市",27吨,https://www.rawmex.cn/sell-9969669.html
2026-09-16,PP,rawmex,PP,镇海炼化 T30S,11900.0,元/吨,"浙江省
  				                    				                    				                    				                  >    				                  宁波市",27吨,https://www.rawmex.cn/sell-9969668.html
2026-09-16,PP,rawmex,PP,镇海炼化 T30S,11600.0,元/吨,"浙江省
  				                    				                    				                    				                  >    				                  宁波市",27吨,https://www.rawmex.cn/sell-9969667.html
2026-09-16,PP,rawmex,PP,抚顺石化 L5E89,10050.0,元/吨,"山东省
  				                    				                    				                    				                  >    				                  临沂市",99吨,https://www.rawmex.cn/sell-9969666.html
2026-09-16,PP,rawmex,PP,抚顺石化 L5E89,10200.0,元/吨,"山东省
  				                    				                    				                    				                  >    				                  临沂市",66吨,https://www.rawmex.cn/sell-9969665.html
2026-09-16,PP,rawmex,PP,抚顺石化 L5E89,10100.0,元/吨,"山东省
  				                    				                    				                    				                  >    				                  临沂市",66吨,https://www.rawmex.cn/sell-9969664.html
2026-09-16,PP,rawmex,PP,中煤 L5E89,10130.0,元/吨,"浙江省
  				                    				                    				                    				                  >    				                  金华市",33吨,https://www.rawmex.cn/sell-9968714.html
2026-09-16,PP,rawmex,PP,中煤 L5E89,10190.0,元/吨,"浙江省
  				                    				                    				                    				                  >    				                  杭州市",34吨,https://www.rawmex.cn/sell-9952816.html
2026-09-16,PP,rawmex,PP,M800E,11800.0,元/吨,上海,20吨,https://www.rawmex.cn/sell-9952276.html
2026-09-16,PP,rawmex,PP,5200XT,11800.0,元/吨,"江苏省
  				                    				                    				                    				                  >    				                  苏州市",32吨,https://www.rawmex.cn/sell-9952272.html
2026-09-16,PP,rawmex,PP,5250T,11800.0,元/吨,"上海
  				                    				                    				                    				                  >    				                  上海市",32吨,https://www.rawmex.cn/sell-9952268.html
2026-09-16,PP,rawmex,PP,中煤 L5E89,10150.0,元/吨,"浙江省
  				                    				                    				                    				                  >    				                  金华市",66吨,https://www.rawmex.cn/sell-9951944.html
2026-09-16,ABS,rawmex,ABS,吉林石化 0215A,11500.0,元/吨,"广东省
  				                    				                    				                    				                  >    				                  揭阳市",64吨,https://www.rawmex.cn/sell-9969655.html
2026-09-16,ABS,rawmex,ABS,吉林石化 0215A,11550.0,元/吨,"广东省
  				                    				                    				                    				                  >    				                  揭阳市",64吨,https://www.rawmex.cn/sell-9968736.html
2026-09-16,ABS,rawmex,ABS,吉林石化 0215A,11550.0,元/吨,"广东省
  				                    				                    				                    				                  >    				                  东莞市",64吨,https://www.rawmex.cn/sell-9968735.html
2026-09-16,ABS,rawmex,ABS,DG-417,12800.0,元/吨,"上海
  				                    				                    				                    				                  >    				                  上海市",32吨,https://www.rawmex.cn/sell-9952375.html
2026-09-16,ABS,rawmex,ABS,DG-417,12800.0,元/吨,"上海
  				                    				                    				                    				                  >    				                  上海市",32吨,https://www.rawmex.cn/sell-9952377.html
2026-09-16,ABS,rawmex,ABS,PA-758,17800.0,元/吨,"上海
  				                    				                    				                    				                  >    				                  上海市",15吨,https://www.rawmex.cn/sell-9952370.html
2026-09-16,ABS,rawmex,ABS,D-1000,18800.0,元/吨,"上海
  				                    				                    				                    				                  >    				                  上海市",10吨,https://www.rawmex.cn/sell-9952366.html
2026-09-16,ABS,rawmex,ABS,PA-758,17800.0,元/吨,"上海
  				                    				                    				                    				                  >    				                  上海市",15吨,https://www.rawmex.cn/sell-9952368.html
2026-09-16,ABS,rawmex,ABS,D-1000,18800.0,元/吨,"上海
  				                    				                    				                    				                  >    				                  上海市",10吨,https://www.rawmex.cn/sell-9952369.html
2026-09-16,ABS,rawmex,ABS,HI-121H,12800.0,元/吨,"上海
  				                    				                    				                    				                  >    				                  上海市",32吨,https://www.rawmex.cn/sell-9952271.html
2026-09-16,ABS,rawmex,ABS,PA-757K,13500.0,元/吨,"上海
  				                    				                    				                    				                  >    				                  上海市",32吨,https://www.rawmex.cn/sell-9952262.html
2026-09-16,ABS,rawmex,ABS,规格：PA-765A,32300.0,元/吨,"江苏省
  				                    				                    				                    				                  >    				                  常州市",15吨,https://www.rawmex.cn/sell-9952259.html
2026-09-16,PC,rawmex,PC,鲁西化工 LXTY1609T-11,15350.0,元/吨,"广东省
  				                    				                    				                    				                  >    				                  东莞市",80吨,https://www.rawmex.cn/sell-9969661.html
2026-09-16,PC,rawmex,PC,鲁西化工 LXTY1609T-11,15400.0,元/吨,"广东省
  				                    				                    				                    				                  >    				                  东莞市",80吨,https://www.rawmex.cn/sell-9969660.html
2026-09-16,PC,rawmex,PC,鲁西化工 LXTY1609T-11,15350.0,元/吨,"广东省
  				                    				                    				                    				                  >    				                  汕头市",80吨,https://www.rawmex.cn/sell-9969659.html
2026-09-16,PC,rawmex,PC,141R-111,16200.0,元/吨,"上海
  				                    				                    				                    				                  >    				                  上海市",30吨,https://www.rawmex.cn/sell-9952374.html
2026-09-16,PC,rawmex,PC,PC-110,18600.0,元/吨,"上海
  				                    				                    				                    				                  >    				                  上海市",10吨,https://www.rawmex.cn/sell-9952371.html
2026-09-16,PC,rawmex,PC,141R-111,16200.0,元/吨,"上海
  				                    				                    				                    				                  >    				                  上海市",30吨,https://www.rawmex.cn/sell-9952372.html
2026-09-16,PC,rawmex,PC,PC-110,18600.0,元/吨,"上海
  				                    				                    				                    				                  >    				                  上海市",10吨,https://www.rawmex.cn/sell-9952373.html
2026-09-16,PC,rawmex,PC,LED2245  000000,36300.0,元/吨,"上海
  				                    				                    				                    				                  >    				                  上海市",5吨,https://www.rawmex.cn/sell-9952365.html
2026-09-16,PC,rawmex,PC,2805,16600.0,元/吨,"上海
  				                    				                    				                    				                  >    				                  上海市",10吨,https://www.rawmex.cn/sell-9952367.html
2026-09-16,PC,rawmex,PC,940,18800.0,元/吨,"上海
  				                    				                    				                    				                  >    				                  上海市",10吨,https://www.rawmex.cn/sell-9952359.html
2026-09-16,PC,rawmex,PC,LED2245  000000,36300.0,元/吨,"上海
  				                    				                    				                    				                  >    				                  上海市",5吨,https://www.rawmex.cn/sell-9952361.html
2026-09-16,PC,rawmex,PC,2805,16600.0,元/吨,"上海
  				                    				                    				                    				                  >    				                  上海市",10吨,https://www.rawmex.cn/sell-9952364.html
2026-09-16,PC,rawmex,PC,940,18800.0,元/吨,"上海
  				                    				                    				                    				                  >    				                  上海市",10吨,https://www.rawmex.cn/sell-9952356.html
2026-09-16,PC,rawmex,PC,牌号1100,16100.0,元/吨,"江苏省
  				                    				                    				                    				                  >    				                  苏州市",10吨,https://www.rawmex.cn/sell-9952267.html
2026-09-16,PC,rawmex,PC,2407,17800.0,元/吨,"上海
  				                    				                    				                    				                  >    				                  上海市",10吨,https://www.rawmex.cn/sell-9952266.html
2026-09-16,POM,rawmex,POM,F20-02,13200.0,元/吨,"浙江省
  				                    				                    				                    				                  >    				                  宁波市",15吨,https://www.rawmex.cn/sell-9952379.html
2026-09-16,POM,rawmex,POM,F20-02,13200.0,元/吨,"浙江省
  				                    				                    				                    				                  >    				                  宁波市",15吨,https://www.rawmex.cn/sell-9952376.html
2026-09-16,POM,rawmex,POM,C9021,12500.0,元/吨,"上海
  				                    				                    				                    				                  >    				                  上海市",10吨,https://www.rawmex.cn/sell-9952358.html
2026-09-16,POM,rawmex,POM,牌号：M90；用途级别：注塑级,13000.0,元/吨,"上海
  				                    				                    				                    				                  >    				                  上海市",10吨,https://www.rawmex.cn/sell-9952360.html
2026-09-16,POM,rawmex,POM,牌号：M90；用途级别：注塑级,13000.0,元/吨,"上海
  				                    				                    				                    				                  >    				                  上海市",10吨,https://www.rawmex.cn/sell-9952363.html
2026-09-16,POM,rawmex,POM,MC90,9800.0,元/吨,"江苏省
  				                    				                    				                    				                  >    				                  苏州市",32吨,https://www.rawmex.cn/sell-9952351.html
2026-09-16,POM,rawmex,POM,F20-03,13200.0,元/吨,"上海
  				                    				                    				                    				                  >    				                  上海市",10吨,https://www.rawmex.cn/sell-9952352.html
2026-09-16,POM,rawmex,POM,注塑级;,11600.0,元/吨,"上海
  				                    				                    				                    				                  >    				                  上海市",32吨,https://www.rawmex.cn/sell-9952353.html
2026-09-16,POM,rawmex,POM,C9021,12500.0,元/吨,"上海
  				                    				                    				                    				                  >    				                  上海市",10吨,https://www.rawmex.cn/sell-9952354.html
2026-09-16,POM,rawmex,POM,F20-03,13200.0,元/吨,"上海
  				                    				                    				                    				                  >    				                  上海市",10吨,https://www.rawmex.cn/sell-9952355.html
2026-09-16,POM,rawmex,POM,牌号:4520;,15800.0,元/吨,"上海
  				                    				                    				                    				                  >    				                  上海市",10吨,https://www.rawmex.cn/sell-9952345.html
2026-09-16,POM,rawmex,POM,100P,46500.0,元/吨,"上海
  				                    				                    				                    				                  >    				                  上海市",10吨,https://www.rawmex.cn/sell-9952346.html
2026-09-16,POM,rawmex,POM,M90-43,16200.0,元/吨,"上海
  				                    				                    				                    				                  >    				                  上海市",10吨,https://www.rawmex.cn/sell-9952347.html
2026-09-16,POM,rawmex,POM,MC90,9800.0,元/吨,"江苏省
  				                    				                    				                    				                  >    				                  苏州市",32吨,https://www.rawmex.cn/sell-9952348.html
2026-09-16,POM,rawmex,POM,100P,46500.0,元/吨,"上海
  				                    				                    				                    				                  >    				                  上海市",10吨,https://www.rawmex.cn/sell-9952349.html
2026-09-16,POM,rawmex,POM,注塑级;,11600.0,元/吨,"上海
  				                    				                    				                    				                  >    				                  上海市",32吨,https://www.rawmex.cn/sell-9952350.html
2026-09-16,POM,rawmex,POM,30A,9500.0,元/吨,"江苏省
  				                    				                    				                    				                  >    				                  常州市",32吨,https://www.rawmex.cn/sell-9952338.html
2026-09-16,POM,rawmex,POM,注塑级;,12200.0,元/吨,"上海
  				                    				                    				                    				                  >    				                  上海市",32吨,https://www.rawmex.cn/sell-9952339.html
2026-09-16,POM,rawmex,POM,牌号:4520;,15800.0,元/吨,"上海
  				                    				                    				                    				                  >    				                  上海市",10吨,https://www.rawmex.cn/sell-9952341.html
2026-09-16,POM,rawmex,POM,注塑级;,12200.0,元/吨,"上海
  				                    				                    				                    				                  >    				                  上海市",32吨,https://www.rawmex.cn/sell-9952342.html
2026-09-16,PA6,rawmex,PA6,1013B,18500.0,元/吨,"上海
  				                    				                    				                    				                  >    				                  上海市",22吨,https://www.rawmex.cn/sell-9952279.html
2026-09-16,PA6,rawmex,PA6,73G45L,18000.0,元/吨,"上海
  				                    				                    				                    				                  >    				                  上海市",10吨,https://www.rawmex.cn/sell-9952280.html
2026-09-16,PA6,rawmex,PA6,YH800,15500.0,元/吨,"上海
  				                    				                    				                    				                  >    				                  上海市",32吨,https://www.rawmex.cn/sell-9952260.html
2026-09-16,PA66,rawmex,PA66,A3EG3,31200.0,元/吨,"江苏省
  				                    				                    				                    				                  >    				                  苏州市",32吨,https://www.rawmex.cn/sell-9952325.html
2026-09-16,PA66,rawmex,PA66,A3EG3,31200.0,元/吨,"江苏省
  				                    				                    				                    				                  >    				                  苏州市",32吨,https://www.rawmex.cn/sell-9952322.html
2026-09-16,PA66,rawmex,PA66,A3WG6,29600.0,元/吨,"浙江省
  				                    				                    				                    				                  >    				                  宁波市",10吨,https://www.rawmex.cn/sell-9952300.html
2026-09-16,PA66,rawmex,PA66,牌号：NC010；用途：通用级；,38800.0,元/吨,"上海
  				                    				                    				                    				                  >    				                  上海市",16吨,https://www.rawmex.cn/sell-9952301.html
2026-09-16,PA66,rawmex,PA66,A3WG6,29600.0,元/吨,"浙江省
  				                    				                    				                    				                  >    				                  宁波市",10吨,https://www.rawmex.cn/sell-9952303.html
2026-09-16,PA66,rawmex,PA66,A3WG6,29600.0,元/吨,"上海
  				                    				                    				                    				                  >    				                  上海市",10吨,https://www.rawmex.cn/sell-9952294.html
2026-09-16,PA66,rawmex,PA66,FR370,38400.0,元/吨,"上海
  				                    				                    				                    				                  >    				                  上海市",20吨,https://www.rawmex.cn/sell-9952296.html
2026-09-16,PA66,rawmex,PA66,牌号：NC010；用途：通用级；,38800.0,元/吨,"上海
  				                    				                    				                    				                  >    				                  上海市",16吨,https://www.rawmex.cn/sell-9952299.html
2026-09-16,PA66,rawmex,PA66,A3WG6,29600.0,元/吨,"上海
  				                    				                    				                    				                  >    				                  上海市",10吨,https://www.rawmex.cn/sell-9952291.html
2026-09-16,PA66,rawmex,PA66,FR370,38400.0,元/吨,"上海
  				                    				                    				                    				                  >    				                  上海市",20吨,https://www.rawmex.cn/sell-9952293.html
2026-09-16,PA66,rawmex,PA66,EPR27,19300.0,元/吨,"浙江省
  				                    				                    				                    				                  >    				                  宁波市",20吨,https://www.rawmex.cn/sell-9952278.html
2026-09-16,PA66,rawmex,PA66,101L,27500.0,元/吨,"浙江省
  				                    				                    				                    				                  >    				                  宁波市",10公斤,https://www.rawmex.cn/sell-9952274.html
2026-09-16,PET,rawmex,PET,浙江万凯 水瓶级 浙江万凯,9100.0,元/吨,"浙江省
  				                    				                    				                    				                  >    				                  嘉兴市",100吨,https://www.rawmex.cn/sell-9968352.html
2026-09-16,PET,rawmex,PET,"浙江万凯 水瓶级 浙江万凯 优等品,GB/T 17931-2018",9000.0,元/吨,"浙江省
  				                    				                    				                    				                  >    				                  嘉兴市",100吨,https://www.rawmex.cn/sell-9968108.html
2026-09-16,PET,rawmex,PET,"三房巷 水瓶级 三房巷 优等品,GB/T 17931-2018",9050.0,元/吨,"江苏省
  				                    				                    				                    				                  >    				                  无锡市",30吨,https://www.rawmex.cn/sell-9968094.html
2026-09-16,PET,rawmex,PET,"三房巷 水瓶级 三房巷 优等品,GB/T 17931-2018",9100.0,元/吨,"江苏省
  				                    				                    				                    				                  >    				                  无锡市",60吨,https://www.rawmex.cn/sell-9968033.html
2026-09-16,PET,rawmex,PET,"浙江万凯 水瓶级 浙江万凯 优等品,GB/T 17931-2018",9150.0,元/吨,"浙江省
  				                    				                    				                    				                  >    				                  嘉兴市",60吨,https://www.rawmex.cn/sell-9968029.html
2026-09-16,PET,rawmex,PET,"浙江万凯 水瓶级 浙江万凯 优等品,GB/T 17931-2018",9100.0,元/吨,"浙江省
  				                    				                    				                    				                  >    				                  嘉兴市",100吨,https://www.rawmex.cn/sell-9967935.html
2026-09-16,PET,rawmex,PET,"三房巷 水瓶级 三房巷 优等品,GB/T 17931-2018",9050.0,元/吨,"江苏省
  				                    				                    				                    				                  >    				                  无锡市",60吨,https://www.rawmex.cn/sell-9967927.html
2026-09-16,PET,rawmex,PET,"浙江万凯 水瓶级 浙江万凯 优等品,GB/T 17931-2018",9150.0,元/吨,"浙江省
  				                    				                    				                    				                  >    				                  嘉兴市",60吨,https://www.rawmex.cn/sell-9967924.html
2026-09-16,PET,rawmex,PET,"三房巷 水瓶级 三房巷 优等品,GB/T 17931-2018",9100.0,元/吨,"江苏省
  				                    				                    				                    				                  >    				                  无锡市",90吨,https://www.rawmex.cn/sell-9967923.html
2026-09-16,PET,rawmex,PET,"浙江万凯 水瓶级 浙江万凯 优等品,GB/T 17931-2018",9000.0,元/吨,"浙江省
  				                    				                    				                    				                  >    				                  嘉兴市",100吨,https://www.rawmex.cn/sell-9967919.html
2026-09-16,PET,rawmex,PET,"三房巷 水瓶级 三房巷 优等品,GB/T 17931-2018",8980.0,元/吨,"江苏省
  				                    				                    				                    				                  >    				                  无锡市",90吨,https://www.rawmex.cn/sell-9967880.html
2026-09-16,PET,rawmex,PET,YS-W01,9180.0,元/吨,"上海
  				                    				                    				                    				                  >    				                  上海市",50吨,https://www.rawmex.cn/sell-9952378.html
2026-09-16,PET,rawmex,PET,YS-W01,9180.0,元/吨,"上海
  				                    				                    				                    				                  >    				                  上海市",50吨,https://www.rawmex.cn/sell-9952380.html
2026-09-16,PET,rawmex,油料,YS-YO1,9150.0,元/吨,"上海
  				                    				                    				                    				                  >    				                  上海市",50吨,https://www.rawmex.cn/sell-9952256.html
2026-09-16,PET,rawmex,PET,YS-C01,9150.0,元/吨,"上海
  				                    				                    				                    				                  >    				                  上海市",50吨,https://www.rawmex.cn/sell-9952257.html
2026-09-16,PET,rawmex,PET,CZ-302,9080.0,元/吨,"江苏省
  				                    				                    				                    				                  >    				                  常州市",100吨,https://www.rawmex.cn/sell-9952258.html
2026-09-16,PET,rawmex,PET,CR-8863,9200.0,元/吨,"江苏省
  				                    				                    				                    				                  >    				                  常州市",50吨,https://www.rawmex.cn/sell-9952254.html
2026-09-16,PET,rawmex,PET,CR-8839,9200.0,元/吨,"江苏省
  				                    				                    				                    				                  >    				                  常州市",100吨,https://www.rawmex.cn/sell-9952255.html
2026-09-16,PET,rawmex,PET,WK-881,9180.0,元/吨,"浙江省
  				                    				                    				                    				                  >    				                  宁波市",50吨,https://www.rawmex.cn/sell-9952250.html
2026-09-16,PET,rawmex,PET,CZ-328,9080.0,元/吨,"江苏省
  				                    				                    				                    				                  >    				                  常州市",50吨,https://www.rawmex.cn/sell-9952251.html
2026-09-16,PVC,rawmex,PVC,SG-5 优等品 中泰,4820.0,元/吨,"江苏省
  				                    				                    				                    				                  >    				                  常州市",100吨,https://www.rawmex.cn/sell-9952298.html
2026-09-16,PVC,rawmex,PVC,SG-5 优等品 中泰,4820.0,元/吨,"江苏省
  				                    				                    				                    				                  >    				                  常州市",100吨,https://www.rawmex.cn/sell-9952269.html
2026-09-16,PVC,rawmex,PVC,SG-5 优等品 中泰,4820.0,元/吨,"江苏省
  				                    				                    				                    				                  >    				                  常州市",100吨,https://www.rawmex.cn/sell-9952246.html
2026-09-16,PVC,rawmex,PVC,SG-5 优等品 鲁泰,4770.0,元/吨,"山东省
  				                    				                    				                    				                  >    				                  济宁市",100吨,https://www.rawmex.cn/sell-9951658.html
2026-09-16,PVC,rawmex,PVC,SG-5 优等品 鲁泰,4760.0,元/吨,"山东省
  				                    				                    				                    				                  >    				                  济宁市",100吨,https://www.rawmex.cn/sell-9951645.html
2026-09-16,PVC,rawmex,PVC,SG-5 优等品 鲁泰,4760.0,元/吨,"山东省
  				                    				                    				                    				                  >    				                  济宁市",100吨,https://www.rawmex.cn/sell-9951626.html
2026-09-16,PVC,rawmex,PVC,SG-5 优等品 鲁泰,4760.0,元/吨,"山东省
  				                    				                    				                    				                  >    				                  济宁市",100吨,https://www.rawmex.cn/sell-9951607.html
2026-09-16,PVC,rawmex,PVC,SG-5 优等品 鲁泰,4760.0,元/吨,"山东省
  				                    				                    				                    				                  >    				                  济宁市",100吨,https://www.rawmex.cn/sell-9951595.html
2026-09-16,PVC,rawmex,PVC,SG-5 优等品 信发,4750.0,元/吨,"山东省
  				                    				                    				                    				                  >    				                  聊城市",100吨,https://www.rawmex.cn/sell-9950798.html
2026-09-16,PVC,rawmex,PVC,SG-5 优等品 信发,4750.0,元/吨,"山东省
  				                    				                    				                    				                  >    				                  聊城市",100吨,https://www.rawmex.cn/sell-9950786.html
2026-09-16,PVC,rawmex,PVC,SG-5 优等品 信发,4730.0,元/吨,"山东省
  				                    				                    				                    				                  >    				                  聊城市",100吨,https://www.rawmex.cn/sell-9950772.html
2026-09-16,PVC,rawmex,PVC,SG-5 优等品 信发,4730.0,元/吨,"山东省
  				                    				                    				                    				                  >    				                  聊城市",100吨,https://www.rawmex.cn/sell-9950764.html
2026-09-16,PVC,rawmex,PVC,SG-5 优等品 信发,4750.0,元/吨,"山东省
  				                    				                    				                    				                  >    				                  聊城市",100吨,https://www.rawmex.cn/sell-9950752.html
2026-09-16,LDPE,rawmex,LDPE,Q281,12800.0,元/吨,"上海
  				                    				                    				                    				                  >    				                  上海市",20吨,https://www.rawmex.cn/sell-9952263.html
2026-09-17,ABS,cngold,ABS,通用级,11416.67,（元/吨）,,,https://m.cngold.org/price/jg10765345.html
2026-09-17,HDPE,cngold,HDPE,牌号:5000S;用途级别:拉丝级,10925.0,（元/吨）,,,https://m.cngold.org/price/jg10765340.html
2026-09-17,LDPE,cngold,LDPE,牌号:2426H;用途级别:薄膜级,12266.67,（元/吨）,,,https://m.cngold.org/price/jg10765339.html
2026-09-17,PC,cngold,PC,通用级,15333.33,（元/吨）,,,https://m.cngold.org/price/jg10765343.html
2026-09-17,PE,cngold,PE,薄膜料,9613.33,（元/吨）,,,https://m.cngold.org/price/jg10765298.html
2026-09-17,PET,cngold,PET,用途级别:水瓶级,8937.92,（元/吨）,,,https://m.cngold.org/price/jg10765341.html
2026-09-17,POM,cngold,POM,MC90,11900.0,（元/吨）,,,https://m.cngold.org/price/jg10765311.html
2026-09-17,PP,cngold,PP(纤维),牌号:Z30S;用途级别:纤维级,10112.5,（元/吨）,,,https://m.cngold.org/price/jg10765347.html
2026-09-17,PP,cngold,PP(拉丝),L5E89,10116.67,（元/吨）,,,https://m.cngold.org/price/jg10765347.html
2026-09-17,PS,cngold,PS,牌号:525;用途级别:注塑级,11183.33,（元/吨）,,,https://m.cngold.org/price/jg10765346.html
2026-09-17,PVC,cngold,PVC,SG-5 优等品,4710.0,（元/吨）,,,https://m.cngold.org/price/jg10765348.html
2026-09-17,PP,rawmex,PP,镇海炼化 T30S,11800.0,元/吨,"浙江省
  				                    				                    				                    				                  >    				                  宁波市",27吨,https://www.rawmex.cn/sell-9994628.html
2026-09-17,PP,rawmex,PP,镇海炼化 T30S,11900.0,元/吨,"浙江省
  				                    				                    				                    				                  >    				                  宁波市",27吨,https://www.rawmex.cn/sell-9994625.html
2026-09-17,PP,rawmex,PP,镇海炼化 T30S,11600.0,元/吨,"浙江省
  				                    				                    				                    				                  >    				                  宁波市",27吨,https://www.rawmex.cn/sell-9994624.html
2026-09-17,PP,rawmex,PP,抚顺石化 L5E89,10050.0,元/吨,"山东省
  				                    				                    				                    				                  >    				                  临沂市",99吨,https://www.rawmex.cn/sell-9994586.html
2026-09-17,PP,rawmex,PP,抚顺石化 L5E89,10200.0,元/吨,"山东省
  				                    				                    				                    				                  >    				                  临沂市",66吨,https://www.rawmex.cn/sell-9994585.html
2026-09-17,PP,rawmex,PP,抚顺石化 L5E89,10100.0,元/吨,"山东省
  				                    				                    				                    				                  >    				                  临沂市",66吨,https://www.rawmex.cn/sell-9994583.html
2026-09-17,PP,rawmex,PP,中煤 L5E89,10100.0,元/吨,"浙江省
  				                    				                    				                    				                  >    				                  金华市",33吨,https://www.rawmex.cn/sell-9989248.html
2026-09-17,PP,rawmex,PP,中煤 L5E89,10150.0,元/吨,"浙江省
  				                    				                    				                    				                  >    				                  金华市",66吨,https://www.rawmex.cn/sell-9988034.html
2026-09-17,PP,rawmex,PP,中煤 L5E89,10150.0,元/吨,"浙江省
  				                    				                    				                    				                  >    				                  杭州市",34吨,https://www.rawmex.cn/sell-9980912.html
2026-09-17,PP,rawmex,PP,牌号:T30S;用途级别:拉丝级;,10700.0,元/吨,湖北省,30.0吨,https://www.rawmex.cn/sell-9979225.html
2026-09-17,ABS,rawmex,ABS,吉林石化 0215A,11450.0,元/吨,"广东省
  				                    				                    				                    				                  >    				                  揭阳市",64吨,https://www.rawmex.cn/sell-9994567.html
2026-09-17,ABS,rawmex,ABS,吉林石化 0215A,11450.0,元/吨,"广东省
  				                    				                    				                    				                  >    				                  东莞市",64吨,https://www.rawmex.cn/sell-9992914.html
2026-09-17,ABS,rawmex,ABS,吉林石化 0215A,11350.0,元/吨,"广东省
  				                    				                    				                    				                  >    				                  揭阳市",64吨,https://www.rawmex.cn/sell-9992905.html
2026-09-17,PC,rawmex,PC,鲁西化工 LXTY1609T-11,15350.0,元/吨,"广东省
  				                    				                    				                    				                  >    				                  东莞市",80吨,https://www.rawmex.cn/sell-9994582.html
2026-09-17,PC,rawmex,PC,鲁西化工 LXTY1609T-11,15300.0,元/吨,"广东省
  				                    				                    				                    				                  >    				                  东莞市",80吨,https://www.rawmex.cn/sell-9994581.html
2026-09-17,PC,rawmex,PC,鲁西化工 LXTY1609T-11,15350.0,元/吨,"广东省
  				                    				                    				                    				                  >    				                  汕头市",80吨,https://www.rawmex.cn/sell-9994569.html
2026-09-17,PET,rawmex,PET,浙江万凯 水瓶级 浙江万凯,8950.0,元/吨,"浙江省
  				                    				                    				                    				                  >    				                  嘉兴市",100吨,https://www.rawmex.cn/sell-9992483.html
2026-09-17,PET,rawmex,PET,"三房巷 水瓶级 三房巷 优等品,GB/T 17931-2018",8800.0,元/吨,"江苏省
  				                    				                    				                    				                  >    				                  无锡市",60吨,https://www.rawmex.cn/sell-9988580.html
2026-09-17,PET,rawmex,PET,"浙江万凯 水瓶级 浙江万凯 优等品,GB/T 17931-2018",8900.0,元/吨,"浙江省
  				                    				                    				                    				                  >    				                  嘉兴市",60吨,https://www.rawmex.cn/sell-9988289.html
2026-09-17,PET,rawmex,PET,"浙江万凯 水瓶级 浙江万凯 优等品,GB/T 17931-2018",8950.0,元/吨,"浙江省
  				                    				                    				                    				                  >    				                  嘉兴市",100吨,https://www.rawmex.cn/sell-9988168.html
2026-09-17,PET,rawmex,PET,"三房巷 水瓶级 三房巷 优等品,GB/T 17931-2018",9000.0,元/吨,"江苏省
  				                    				                    				                    				                  >    				                  无锡市",60吨,https://www.rawmex.cn/sell-9988167.html
2026-09-17,PET,rawmex,PET,"三房巷 水瓶级 三房巷 优等品,GB/T 17931-2018",9030.0,元/吨,"江苏省
  				                    				                    				                    				                  >    				                  无锡市",90吨,https://www.rawmex.cn/sell-9987621.html
2026-09-17,PET,rawmex,PET,"浙江万凯 水瓶级 浙江万凯 优等品,GB/T 17931-2018",8950.0,元/吨,"浙江省
  				                    				                    				                    				                  >    				                  嘉兴市",100吨,https://www.rawmex.cn/sell-9987617.html
2026-09-17,PET,rawmex,PET,"三房巷 水瓶级 三房巷 优等品,GB/T 17931-2018",8910.0,元/吨,"江苏省
  				                    				                    				                    				                  >    				                  无锡市",90吨,https://www.rawmex.cn/sell-9987352.html
2026-09-17,PVC,rawmex,PVC,SG-5 优等品 中泰,4820.0,元/吨,"江苏省
  				                    				                    				                    				                  >    				                  常州市",100吨,https://www.rawmex.cn/sell-9981282.html
2026-09-17,PVC,rawmex,PVC,SG-5 优等品 中泰,4820.0,元/吨,"江苏省
  				                    				                    				                    				                  >    				                  常州市",100吨,https://www.rawmex.cn/sell-9981022.html
2026-09-17,PVC,rawmex,PVC,SG-5 优等品 中泰,4820.0,元/吨,"江苏省
  				                    				                    				                    				                  >    				                  常州市",100吨,https://www.rawmex.cn/sell-9980988.html
2026-09-17,PVC,rawmex,PVC,SG-5 优等品 鲁泰,4770.0,元/吨,"山东省
  				                    				                    				                    				                  >    				                  济宁市",100吨,https://www.rawmex.cn/sell-9980957.html
2026-09-17,PVC,rawmex,PVC,SG-5 优等品 鲁泰,4770.0,元/吨,"山东省
  				                    				                    				                    				                  >    				                  济宁市",100吨,https://www.rawmex.cn/sell-9980954.html
2026-09-17,PVC,rawmex,PVC,SG-5 优等品 鲁泰,4770.0,元/吨,"山东省
  				                    				                    				                    				                  >    				                  济宁市",100吨,https://www.rawmex.cn/sell-9980948.html
2026-09-17,PVC,rawmex,PVC,SG-5 优等品 鲁泰,4770.0,元/吨,"山东省
  				                    				                    				                    				                  >    				                  济宁市",100吨,https://www.rawmex.cn/sell-9980945.html
2026-09-17,PVC,rawmex,PVC,SG-5 优等品 鲁泰,4770.0,元/吨,"山东省
  				                    				                    				                    				                  >    				                  济宁市",100吨,https://www.rawmex.cn/sell-9980938.html
2026-09-17,PVC,rawmex,PVC,SG-5 优等品 信发,4750.0,元/吨,"山东省
  				                    				                    				                    				                  >    				                  聊城市",100吨,https://www.rawmex.cn/sell-9980914.html
2026-09-17,PVC,rawmex,PVC,SG-5 优等品 信发,4750.0,元/吨,"山东省
  				                    				                    				                    				                  >    				                  聊城市",100吨,https://www.rawmex.cn/sell-9980913.html
2026-09-17,PVC,rawmex,PVC,SG-5 优等品 信发,4740.0,元/吨,"山东省
  				                    				                    				                    				                  >    				                  聊城市",100吨,https://www.rawmex.cn/sell-9980910.html
2026-09-17,PVC,rawmex,PVC,SG-5 优等品 信发,4740.0,元/吨,"山东省
  				                    				                    				                    				                  >    				                  聊城市",100吨,https://www.rawmex.cn/sell-9980909.html
2026-09-17,PVC,rawmex,PVC,SG-5 优等品 信发,4700.0,元/吨,"山东省
  				                    				                    				                    				                  >    				                  聊城市",100吨,https://www.rawmex.cn/sell-9980906.html
2026-09-18,ABS,cngold,ABS,通用级,11366.67,（元/吨）,,,https://m.cngold.org/price/jg10768080.html
2026-09-18,HDPE,cngold,HDPE,牌号:5000S;用途级别:拉丝级,10800.0,（元/吨）,,,https://m.cngold.org/price/jg10768075.html
2026-09-18,LDPE,cngold,LDPE,牌号:2426H;用途级别:薄膜级,12266.67,（元/吨）,,,https://m.cngold.org/price/jg10768074.html
2026-09-18,PC,cngold,PC,通用级,15200.0,（元/吨）,,,https://m.cngold.org/price/jg10768078.html
2026-09-18,PE,cngold,PE,薄膜料,9575.0,（元/吨）,,,https://m.cngold.org/price/jg10768032.html
2026-09-18,PET,cngold,PET,用途级别:水瓶级,8696.25,（元/吨）,,,https://m.cngold.org/price/jg10768076.html
2026-09-18,POM,cngold,POM,MC90,11900.0,（元/吨）,,,https://m.cngold.org/price/jg10768045.html
2026-09-18,PP,cngold,PP(纤维),牌号:Z30S;用途级别:纤维级,10125.0,（元/吨）,,,https://m.cngold.org/price/jg10768082.html
2026-09-18,PP,cngold,PP(拉丝),L5E89,10116.67,（元/吨）,,,https://m.cngold.org/price/jg10768082.html
2026-09-18,PS,cngold,PS,牌号:525;用途级别:注塑级,11183.33,（元/吨）,,,https://m.cngold.org/price/jg10768081.html
2026-09-18,PVC,cngold,PVC,SG-5 优等品,4650.0,（元/吨）,,,https://m.cngold.org/price/jg10768083.html
2026-09-18,PP,rawmex,PP,镇海炼化 T30S,11800.0,元/吨,"浙江省
  				                    				                    				                    				                  >    				                  宁波市",27吨,https://www.rawmex.cn/sell-10046201.html
2026-09-18,PP,rawmex,PP,镇海炼化 T30S,11900.0,元/吨,"浙江省
  				                    				                    				                    				                  >    				                  宁波市",27吨,https://www.rawmex.cn/sell-10046187.html
2026-09-18,PP,rawmex,PP,镇海炼化 T30S,11600.0,元/吨,"浙江省
  				                    				                    				                    				                  >    				                  宁波市",27吨,https://www.rawmex.cn/sell-10046184.html
2026-09-18,PP,rawmex,PP,抚顺石化 L5E89,10050.0,元/吨,"山东省
  				                    				                    				                    				                  >    				                  临沂市",99吨,https://www.rawmex.cn/sell-10046120.html
2026-09-18,PP,rawmex,PP,抚顺石化 L5E89,10200.0,元/吨,"山东省
  				                    				                    				                    				                  >    				                  临沂市",66吨,https://www.rawmex.cn/sell-10046119.html
2026-09-18,PP,rawmex,PP,抚顺石化 L5E89,10100.0,元/吨,"山东省
  				                    				                    				                    				                  >    				                  临沂市",66吨,https://www.rawmex.cn/sell-10046118.html
2026-09-18,PP,rawmex,PP,5250T,11500.0,元/吨,"上海
  				                    				                    				                    				                  >    				                  上海市",32吨,https://www.rawmex.cn/sell-10040459.html
2026-09-18,PP,rawmex,PP,5250T,11500.0,元/吨,"上海
  				                    				                    				                    				                  >    				                  上海市",32吨,https://www.rawmex.cn/sell-10040456.html
2026-09-18,PP,rawmex,PP,5200XT,11500.0,元/吨,"江苏省
  				                    				                    				                    				                  >    				                  苏州市",32吨,https://www.rawmex.cn/sell-10040455.html
2026-09-18,PP,rawmex,PP,5200XT,11500.0,元/吨,"江苏省
  				                    				                    				                    				                  >    				                  苏州市",32吨,https://www.rawmex.cn/sell-10040452.html
2026-09-18,PP,rawmex,PP,M800E,11400.0,元/吨,上海,20吨,https://www.rawmex.cn/sell-10040447.html
2026-09-18,PP,rawmex,PP,M800E,11400.0,元/吨,上海,20吨,https://www.rawmex.cn/sell-10040444.html
2026-09-18,PP,rawmex,PP,中煤 L5E89,10120.0,元/吨,"浙江省
  				                    				                    				                    				                  >    				                  金华市",33吨,https://www.rawmex.cn/sell-10021265.html
2026-09-18,PP,rawmex,PP,中煤 L5E89,10100.0,元/吨,"浙江省
  				                    				                    				                    				                  >    				                  金华市",66吨,https://www.rawmex.cn/sell-10015189.html
2026-09-18,PP,rawmex,PP,牌号:T30S;用途级别:拉丝级;,10700.0,元/吨,湖北省,30.0吨,https://www.rawmex.cn/sell-10001880.html
2026-09-18,ABS,rawmex,ABS,吉林石化 0215A,11350.0,元/吨,"广东省
  				                    				                    				                    				                  >    				                  揭阳市",64吨,https://www.rawmex.cn/sell-10046113.html
2026-09-18,ABS,rawmex,ABS,吉林石化 0215A,11500.0,元/吨,"广东省
  				                    				                    				                    				                  >    				                  东莞市",64吨,https://www.rawmex.cn/sell-10043131.html
2026-09-18,ABS,rawmex,ABS,吉林石化 0215A,11250.0,元/吨,"广东省
  				                    				                    				                    				                  >    				                  揭阳市",64吨,https://www.rawmex.cn/sell-10042972.html
2026-09-18,ABS,rawmex,ABS,规格：PA-765A,32300.0,元/吨,"江苏省
  				                    				                    				                    				                  >    				                  常州市",15吨,https://www.rawmex.cn/sell-10040475.html
2026-09-18,ABS,rawmex,ABS,PA-757K,13200.0,元/吨,"上海
  				                    				                    				                    				                  >    				                  上海市",32吨,https://www.rawmex.cn/sell-10040465.html
2026-09-18,ABS,rawmex,ABS,HI-121H,12300.0,元/吨,"上海
  				                    				                    				                    				                  >    				                  上海市",32吨,https://www.rawmex.cn/sell-10040457.html
2026-09-18,ABS,rawmex,ABS,HI-121H,12300.0,元/吨,"上海
  				                    				                    				                    				                  >    				                  上海市",32吨,https://www.rawmex.cn/sell-10040454.html
2026-09-18,ABS,rawmex,ABS,D-1000,18800.0,元/吨,"上海
  				                    				                    				                    				                  >    				                  上海市",10吨,https://www.rawmex.cn/sell-10040343.html
2026-09-18,ABS,rawmex,ABS,PA-758,17800.0,元/吨,"上海
  				                    				                    				                    				                  >    				                  上海市",15吨,https://www.rawmex.cn/sell-10040341.html
2026-09-18,ABS,rawmex,ABS,DG-417,12600.0,元/吨,"上海
  				                    				                    				                    				                  >    				                  上海市",32吨,https://www.rawmex.cn/sell-10040329.html
2026-09-18,PC,rawmex,PC,鲁西化工 LXTY1609T-11,15300.0,元/吨,"广东省
  				                    				                    				                    				                  >    				                  东莞市",80吨,https://www.rawmex.cn/sell-10046116.html
2026-09-18,PC,rawmex,PC,鲁西化工 LXTY1609T-11,15300.0,元/吨,"广东省
  				                    				                    				                    				                  >    				                  东莞市",80吨,https://www.rawmex.cn/sell-10046115.html
2026-09-18,PC,rawmex,PC,鲁西化工 LXTY1609T-11,15250.0,元/吨,"广东省
  				                    				                    				                    				                  >    				                  汕头市",80吨,https://www.rawmex.cn/sell-10046114.html
2026-09-18,PC,rawmex,PC,2407,17800.0,元/吨,"上海
  				                    				                    				                    				                  >    				                  上海市",10吨,https://www.rawmex.cn/sell-10040463.html
2026-09-18,PC,rawmex,PC,2407,17800.0,元/吨,"上海
  				                    				                    				                    				                  >    				                  上海市",10吨,https://www.rawmex.cn/sell-10040460.html
2026-09-18,PC,rawmex,PC,牌号1100,16100.0,元/吨,"江苏省
  				                    				                    				                    				                  >    				                  苏州市",10吨,https://www.rawmex.cn/sell-10040461.html
2026-09-18,PC,rawmex,PC,牌号1100,16100.0,元/吨,"江苏省
  				                    				                    				                    				                  >    				                  苏州市",10吨,https://www.rawmex.cn/sell-10040458.html
2026-09-18,PC,rawmex,PC,LED2245  000000,36300.0,元/吨,"上海
  				                    				                    				                    				                  >    				                  上海市",5吨,https://www.rawmex.cn/sell-10040348.html
2026-09-18,PC,rawmex,PC,2805,16600.0,元/吨,"上海
  				                    				                    				                    				                  >    				                  上海市",10吨,https://www.rawmex.cn/sell-10040345.html
2026-09-18,PC,rawmex,PC,PC-110,18600.0,元/吨,"上海
  				                    				                    				                    				                  >    				                  上海市",10吨,https://www.rawmex.cn/sell-10040335.html
2026-09-18,PC,rawmex,PC,141R-111,16200.0,元/吨,"上海
  				                    				                    				                    				                  >    				                  上海市",30吨,https://www.rawmex.cn/sell-10040332.html
2026-09-18,POM,rawmex,POM,K90,9800.0,元/吨,"江苏省
  				                    				                    				                    				                  >    				                  苏州市",32吨,https://www.rawmex.cn/sell-10040467.html
2026-09-18,POM,rawmex,POM,K90-1,9800.0,元/吨,"江苏省
  				                    				                    				                    				                  >    				                  苏州市",32吨,https://www.rawmex.cn/sell-10040466.html
2026-09-18,POM,rawmex,POM,K90-1,9800.0,元/吨,"江苏省
  				                    				                    				                    				                  >    				                  苏州市",32吨,https://www.rawmex.cn/sell-10040462.html
2026-09-18,POM,rawmex,POM,牌号:TS-22H  玻纤增强,22500.0,元/吨,"上海
  				                    				                    				                    				                  >    				                  上海市",10公斤,https://www.rawmex.cn/sell-10040453.html
2026-09-18,POM,rawmex,POM,牌号:TS-22H  玻纤增强,22500.0,元/吨,"上海
  				                    				                    				                    				                  >    				                  上海市",10公斤,https://www.rawmex.cn/sell-10040450.html
2026-09-18,POM,rawmex,POM,牌号:4520;,16500.0,元/吨,"江苏省
  				                    				                    				                    				                  >    				                  苏州市",8吨,https://www.rawmex.cn/sell-10040436.html
2026-09-18,POM,rawmex,POM,牌号:4520;,16500.0,元/吨,"江苏省
  				                    				                    				                    				                  >    				                  苏州市",8吨,https://www.rawmex.cn/sell-10040435.html
2026-09-18,POM,rawmex,POM,F20-02,13200.0,元/吨,"上海
  				                    				                    				                    				                  >    				                  上海市",10吨,https://www.rawmex.cn/sell-10040432.html
2026-09-18,POM,rawmex,POM,100ST,44500.0,元/吨,"上海
  				                    				                    				                    				                  >    				                  上海市",6吨,https://www.rawmex.cn/sell-10040430.html
2026-09-18,POM,rawmex,POM,F20-02,13200.0,元/吨,"上海
  				                    				                    				                    				                  >    				                  上海市",10吨,https://www.rawmex.cn/sell-10040431.html
2026-09-18,POM,rawmex,POM,100ST,44500.0,元/吨,"上海
  				                    				                    				                    				                  >    				                  上海市",6吨,https://www.rawmex.cn/sell-10040429.html
2026-09-18,POM,rawmex,POM,M90 云天化加纤10%,12800.0,元/吨,"上海
  				                    				                    				                    				                  >    				                  上海市",30吨,https://www.rawmex.cn/sell-10040425.html
2026-09-18,POM,rawmex,POM,M90 云天化加纤10%,12800.0,元/吨,"上海
  				                    				                    				                    				                  >    				                  上海市",30吨,https://www.rawmex.cn/sell-10040426.html
2026-09-18,POM,rawmex,POM,M90-44,15800.0,元/吨,"浙江省
  				                    				                    				                    				                  >    				                  宁波市",20吨,https://www.rawmex.cn/sell-10040424.html
2026-09-18,POM,rawmex,POM,M90-44,15800.0,元/吨,"浙江省
  				                    				                    				                    				                  >    				                  宁波市",20吨,https://www.rawmex.cn/sell-10040423.html
2026-09-18,POM,rawmex,POM,M90,13200.0,元/吨,"浙江省
  				                    				                    				                    				                  >    				                  宁波市",26吨,https://www.rawmex.cn/sell-10040418.html
2026-09-18,POM,rawmex,POM,M90,13200.0,元/吨,"浙江省
  				                    				                    				                    				                  >    				                  宁波市",26吨,https://www.rawmex.cn/sell-10040417.html
2026-09-18,POM,rawmex,POM,UM-01,14200.0,元/吨,"上海
  				                    				                    				                    				                  >    				                  上海市",20吨,https://www.rawmex.cn/sell-10040408.html
2026-09-18,POM,rawmex,POM,100P,43500.0,元/吨,"浙江省
  				                    				                    				                    				                  >    				                  宁波市",12吨,https://www.rawmex.cn/sell-10040409.html
2026-09-18,POM,rawmex,POM,100P,43500.0,元/吨,"浙江省
  				                    				                    				                    				                  >    				                  宁波市",12吨,https://www.rawmex.cn/sell-10040410.html
2026-09-18,PA6,rawmex,PA6,1013B,18500.0,元/吨,"上海
  				                    				                    				                    				                  >    				                  上海市",22吨,https://www.rawmex.cn/sell-10040441.html
2026-09-18,PA6,rawmex,PA6,73G45L,18000.0,元/吨,"上海
  				                    				                    				                    				                  >    				                  上海市",10吨,https://www.rawmex.cn/sell-10040438.html
2026-09-18,PA6,rawmex,PA6,1013B,18500.0,元/吨,"上海
  				                    				                    				                    				                  >    				                  上海市",22吨,https://www.rawmex.cn/sell-10040439.html
2026-09-18,PA6,rawmex,PA6,73G45L,18000.0,元/吨,"上海
  				                    				                    				                    				                  >    				                  上海市",10吨,https://www.rawmex.cn/sell-10040437.html
2026-09-18,PA66,rawmex,PA66,101L,27500.0,元/吨,"浙江省
  				                    				                    				                    				                  >    				                  宁波市",10公斤,https://www.rawmex.cn/sell-10040451.html
2026-09-18,PA66,rawmex,PA66,101L,27500.0,元/吨,"浙江省
  				                    				                    				                    				                  >    				                  宁波市",10公斤,https://www.rawmex.cn/sell-10040448.html
2026-09-18,PA66,rawmex,PA66,EPR27,19300.0,元/吨,"浙江省
  				                    				                    				                    				                  >    				                  宁波市",20吨,https://www.rawmex.cn/sell-10040443.html
2026-09-18,PA66,rawmex,PA66,EPR27,19300.0,元/吨,"浙江省
  				                    				                    				                    				                  >    				                  宁波市",20吨,https://www.rawmex.cn/sell-10040440.html
2026-09-18,PA66,rawmex,PA66,FR370,38400.0,元/吨,"上海
  				                    				                    				                    				                  >    				                  上海市",20吨,https://www.rawmex.cn/sell-10040420.html
2026-09-18,PA66,rawmex,PA66,A3WG6,29600.0,元/吨,"上海
  				                    				                    				                    				                  >    				                  上海市",10吨,https://www.rawmex.cn/sell-10040421.html
2026-09-18,PA66,rawmex,PA66,A3WG6,29600.0,元/吨,"上海
  				                    				                    				                    				                  >    				                  上海市",10吨,https://www.rawmex.cn/sell-10040422.html
2026-09-18,PA66,rawmex,PA66,FR370,38400.0,元/吨,"上海
  				                    				                    				                    				                  >    				                  上海市",20吨,https://www.rawmex.cn/sell-10040419.html
2026-09-18,PA66,rawmex,PA66,牌号：NC010；用途：通用级；,38800.0,元/吨,"上海
  				                    				                    				                    				                  >    				                  上海市",16吨,https://www.rawmex.cn/sell-10040416.html
2026-09-18,PA66,rawmex,PA66,A3WG6,29600.0,元/吨,"浙江省
  				                    				                    				                    				                  >    				                  宁波市",10吨,https://www.rawmex.cn/sell-10040414.html
2026-09-18,PA66,rawmex,PA66,牌号：NC010；用途：通用级；,38800.0,元/吨,"上海
  				                    				                    				                    				                  >    				                  上海市",16吨,https://www.rawmex.cn/sell-10040415.html
2026-09-18,PA66,rawmex,PA66,A3WG6,29600.0,元/吨,"浙江省
  				                    				                    				                    				                  >    				                  宁波市",10吨,https://www.rawmex.cn/sell-10040413.html
2026-09-18,PA66,rawmex,PA66,A3EG3,31200.0,元/吨,"江苏省
  				                    				                    				                    				                  >    				                  苏州市",32吨,https://www.rawmex.cn/sell-10040394.html
2026-09-18,PA66,rawmex,PA66,A3EG3,31200.0,元/吨,"江苏省
  				                    				                    				                    				                  >    				                  苏州市",32吨,https://www.rawmex.cn/sell-10040393.html
2026-09-18,PET,rawmex,PET,"浙江万凯 水瓶级 浙江万凯 优等品,GB/T 17931-2018",8750.0,元/吨,"浙江省
  				                    				                    				                    				                  >    				                  嘉兴市",60吨,https://www.rawmex.cn/sell-10047163.html
2026-09-18,PET,rawmex,PET,"三房巷 水瓶级 三房巷 优等品,GB/T 17931-2018",8600.0,元/吨,"江苏省
  				                    				                    				                    				                  >    				                  无锡市",60吨,https://www.rawmex.cn/sell-10047162.html
2026-09-18,PET,rawmex,PET,"浙江万凯 水瓶级 浙江万凯 优等品,GB/T 17931-2018",8700.0,元/吨,"浙江省
  				                    				                    				                    				                  >    				                  嘉兴市",100吨,https://www.rawmex.cn/sell-10047088.html
2026-09-18,PET,rawmex,PET,"三房巷 水瓶级 三房巷 优等品,GB/T 17931-2018",8720.0,元/吨,"江苏省
  				                    				                    				                    				                  >    				                  无锡市",30吨,https://www.rawmex.cn/sell-10047087.html
2026-09-18,PET,rawmex,PET,"三房巷 水瓶级 三房巷 优等品,GB/T 17931-2018",8660.0,元/吨,"江苏省
  				                    				                    				                    				                  >    				                  无锡市",90吨,https://www.rawmex.cn/sell-10032261.html
2026-09-18,PET,rawmex,PET,"浙江万凯 水瓶级 浙江万凯 优等品,GB/T 17931-2018",8770.0,元/吨,"浙江省
  				                    				                    				                    				                  >    				                  嘉兴市",60吨,https://www.rawmex.cn/sell-10047084.html
2026-09-18,PET,rawmex,PET,"三房巷 水瓶级 三房巷 优等品,GB/T 17931-2018",8750.0,元/吨,"江苏省
  				                    				                    				                    				                  >    				                  无锡市",90吨,https://www.rawmex.cn/sell-10047083.html
2026-09-18,PET,rawmex,PET,"浙江万凯 水瓶级 浙江万凯 优等品,GB/T 17931-2018",9000.0,元/吨,"浙江省
  				                    				                    				                    				                  >    				                  嘉兴市",60吨,https://www.rawmex.cn/sell-9987636.html
2026-09-18,PET,rawmex,PET,浙江万凯 水瓶级 浙江万凯,8750.0,元/吨,"浙江省
  				                    				                    				                    				                  >    				                  嘉兴市",100吨,https://www.rawmex.cn/sell-10046267.html
2026-09-18,PET,rawmex,PET,8816,8800.0,元/吨,"江苏省
  				                    				                    				                    				                  >    				                  常州市",100吨,https://www.rawmex.cn/sell-10040496.html
2026-09-18,PET,rawmex,PET,WK-801,8800.0,元/吨,"浙江省
  				                    				                    				                    				                  >    				                  宁波市",100吨,https://www.rawmex.cn/sell-10040495.html
2026-09-18,PET,rawmex,PET,8816,8800.0,元/吨,"江苏省
  				                    				                    				                    				                  >    				                  常州市",100吨,https://www.rawmex.cn/sell-10040493.html
2026-09-18,PET,rawmex,PET,WK-821,8800.0,元/吨,"浙江省
  				                    				                    				                    				                  >    				                  宁波市",50吨,https://www.rawmex.cn/sell-10040494.html
2026-09-18,PET,rawmex,PET,WK-881,8800.0,元/吨,"浙江省
  				                    				                    				                    				                  >    				                  宁波市",50吨,https://www.rawmex.cn/sell-10040491.html
2026-09-18,PET,rawmex,PET,WK-801,8800.0,元/吨,"浙江省
  				                    				                    				                    				                  >    				                  宁波市",100吨,https://www.rawmex.cn/sell-10040492.html
2026-09-18,PET,rawmex,PET,CZ-328,8900.0,元/吨,"江苏省
  				                    				                    				                    				                  >    				                  常州市",50吨,https://www.rawmex.cn/sell-10040490.html
2026-09-18,PET,rawmex,PET,WK-821,8800.0,元/吨,"浙江省
  				                    				                    				                    				                  >    				                  宁波市",50吨,https://www.rawmex.cn/sell-10040489.html
2026-09-18,PET,rawmex,PET,CR-8816,8900.0,元/吨,"江苏省
  				                    				                    				                    				                  >    				                  常州市",100吨,https://www.rawmex.cn/sell-10040487.html
2026-09-18,PET,rawmex,PET,WK-881,8800.0,元/吨,"浙江省
  				                    				                    				                    				                  >    				                  宁波市",50吨,https://www.rawmex.cn/sell-10040488.html
2026-09-18,PET,rawmex,PET,CR-8863,8900.0,元/吨,"江苏省
  				                    				                    				                    				                  >    				                  常州市",50吨,https://www.rawmex.cn/sell-10040485.html
2026-09-18,PVC,rawmex,PVC,SG-5 优等品 中泰,4720.0,元/吨,"江苏省
  				                    				                    				                    				                  >    				                  常州市",100吨,https://www.rawmex.cn/sell-10025195.html
2026-09-18,PVC,rawmex,PVC,SG-5 优等品 中泰,4720.0,元/吨,"江苏省
  				                    				                    				                    				                  >    				                  常州市",100吨,https://www.rawmex.cn/sell-10024769.html
2026-09-18,PVC,rawmex,PVC,SG-5 优等品 中泰,4720.0,元/吨,"江苏省
  				                    				                    				                    				                  >    				                  常州市",100吨,https://www.rawmex.cn/sell-10024332.html
2026-09-18,PVC,rawmex,PVC,SG-5 优等品 鲁泰,4680.0,元/吨,"山东省
  				                    				                    				                    				                  >    				                  济宁市",100吨,https://www.rawmex.cn/sell-10023876.html
2026-09-18,PVC,rawmex,PVC,SG-5 优等品 鲁泰,4680.0,元/吨,"山东省
  				                    				                    				                    				                  >    				                  济宁市",100吨,https://www.rawmex.cn/sell-10023748.html
2026-09-18,PVC,rawmex,PVC,SG-5 优等品 鲁泰,4680.0,元/吨,"山东省
  				                    				                    				                    				                  >    				                  济宁市",100吨,https://www.rawmex.cn/sell-10023583.html
2026-09-18,PVC,rawmex,PVC,SG-5 优等品 信发,4650.0,元/吨,"山东省
  				                    				                    				                    				                  >    				                  聊城市",100吨,https://www.rawmex.cn/sell-10022896.html
2026-09-18,PVC,rawmex,PVC,SG-5 优等品 信发,4650.0,元/吨,"山东省
  				                    				                    				                    				                  >    				                  聊城市",100吨,https://www.rawmex.cn/sell-10022784.html
2026-09-18,PVC,rawmex,PVC,SG-5 优等品 信发,4650.0,元/吨,"山东省
  				                    				                    				                    				                  >    				                  聊城市",100吨,https://www.rawmex.cn/sell-10022625.html
2026-09-18,PVC,rawmex,PVC,SG-5 优等品 信发,4650.0,元/吨,"山东省
  				                    				                    				                    				                  >    				                  聊城市",100吨,https://www.rawmex.cn/sell-10021875.html
2026-09-18,PVC,rawmex,PVC,SG-5 优等品 信发,4650.0,元/吨,"山东省
  				                    				                    				                    				                  >    				                  聊城市",100吨,https://www.rawmex.cn/sell-10021815.html
2026-09-18,LDPE,rawmex,LDPE,Q281,12600.0,元/吨,"上海
  				                    				                    				                    				                  >    				                  上海市",20吨,https://www.rawmex.cn/sell-10040464.html
2026-09-20,ABS,cngold,ABS,通用级,11300.0,（元/吨）,,,https://m.cngold.org/price/jg10770446.html
2026-09-20,HDPE,cngold,HDPE,牌号:5000S;用途级别:拉丝级,10737.5,（元/吨）,,,https://m.cngold.org/price/jg10770441.html
2026-09-20,LDPE,cngold,LDPE,牌号:2426H;用途级别:薄膜级,12233.33,（元/吨）,,,https://m.cngold.org/price/jg10770440.html
2026-09-20,PC,cngold,PC,通用级,15133.33,（元/吨）,,,https://m.cngold.org/price/jg10770444.html
2026-09-20,PE,cngold,PE,薄膜料,9533.33,（元/吨）,,,https://m.cngold.org/price/jg10770399.html
2026-09-20,PET,cngold,PET,用途级别:水瓶级,8696.25,（元/吨）,,,https://m.cngold.org/price/jg10770442.html
2026-09-20,POM,cngold,POM,MC90,11900.0,（元/吨）,,,https://m.cngold.org/price/jg10770412.html
2026-09-20,PP,cngold,PP(纤维),牌号:Z30S;用途级别:纤维级,10125.0,（元/吨）,,,https://m.cngold.org/price/jg10770448.html
2026-09-20,PP,cngold,PP(拉丝),L5E89,10116.67,（元/吨）,,,https://m.cngold.org/price/jg10770448.html
2026-09-20,PS,cngold,PS,牌号:525;用途级别:注塑级,11183.33,（元/吨）,,,https://m.cngold.org/price/jg10770447.html
2026-09-20,PVC,cngold,PVC,SG-5 优等品,4690.0,（元/吨）,,,https://m.cngold.org/price/jg10770449.html
2026-09-20,PP,rawmex,PP,抚顺石化 L5E89,10050.0,元/吨,"山东省
  				                    				                    				                    				                  >    				                  临沂市",99吨,https://www.rawmex.cn/sell-10118916.html
2026-09-20,PP,rawmex,PP,抚顺石化 L5E89,10200.0,元/吨,"山东省
  				                    				                    				                    				                  >    				                  临沂市",66吨,https://www.rawmex.cn/sell-10118915.html
2026-09-20,PP,rawmex,PP,抚顺石化 L5E89,10100.0,元/吨,"山东省
  				                    				                    				                    				                  >    				                  临沂市",66吨,https://www.rawmex.cn/sell-10118914.html
2026-09-20,PP,rawmex,PP,M800E,11400.0,元/吨,上海,20吨,https://www.rawmex.cn/sell-10118490.html
2026-09-20,PP,rawmex,PP,5200XT,11200.0,元/吨,"江苏省
  				                    				                    				                    				                  >    				                  苏州市",32吨,https://www.rawmex.cn/sell-10118486.html
2026-09-20,PP,rawmex,PP,5250T,11200.0,元/吨,"上海
  				                    				                    				                    				                  >    				                  上海市",32吨,https://www.rawmex.cn/sell-10118484.html
2026-09-20,PP,rawmex,PP,中煤 L5E89,10050.0,元/吨,"浙江省
  				                    				                    				                    				                  >    				                  金华市",66吨,https://www.rawmex.cn/sell-10117067.html
2026-09-20,PP,rawmex,PP,中煤 L5E89,10100.0,元/吨,"浙江省
  				                    				                    				                    				                  >    				                  金华市",33吨,https://www.rawmex.cn/sell-10076202.html
2026-09-20,PP,rawmex,PP,牌号:T30S;用途级别:拉丝级;,10700.0,元/吨,湖北省,30.0吨,https://www.rawmex.cn/sell-10068481.html
2026-09-20,PP,rawmex,PP,牌号:T30S;用途级别:拉丝级;,10700.0,元/吨,湖北省,30.0吨,https://www.rawmex.cn/sell-10059646.html
2026-09-20,ABS,rawmex,ABS,吉林石化 0215A,11300.0,元/吨,"广东省
  				                    				                    				                    				                  >    				                  揭阳市",64吨,https://www.rawmex.cn/sell-10118910.html
2026-09-20,ABS,rawmex,ABS,HI-121H,12000.0,元/吨,"上海
  				                    				                    				                    				                  >    				                  上海市",32吨,https://www.rawmex.cn/sell-10118485.html
2026-09-20,ABS,rawmex,ABS,PA-757K,12700.0,元/吨,"上海
  				                    				                    				                    				                  >    				                  上海市",32吨,https://www.rawmex.cn/sell-10118479.html
2026-09-20,ABS,rawmex,ABS,规格：PA-765A,32300.0,元/吨,"江苏省
  				                    				                    				                    				                  >    				                  常州市",15吨,https://www.rawmex.cn/sell-10118476.html
2026-09-20,ABS,rawmex,ABS,吉林石化 0215A,11150.0,元/吨,"广东省
  				                    				                    				                    				                  >    				                  揭阳市",64吨,https://www.rawmex.cn/sell-10117858.html
2026-09-20,ABS,rawmex,ABS,吉林石化 0215A,11450.0,元/吨,"广东省
  				                    				                    				                    				                  >    				                  东莞市",64吨,https://www.rawmex.cn/sell-10117116.html
2026-09-20,PC,rawmex,PC,鲁西化工 LXTY1609T-11,15100.0,元/吨,"广东省
  				                    				                    				                    				                  >    				                  东莞市",80吨,https://www.rawmex.cn/sell-10118913.html
2026-09-20,PC,rawmex,PC,鲁西化工 LXTY1609T-11,15050.0,元/吨,"广东省
  				                    				                    				                    				                  >    				                  东莞市",80吨,https://www.rawmex.cn/sell-10118912.html
2026-09-20,PC,rawmex,PC,鲁西化工 LXTY1609T-11,15250.0,元/吨,"广东省
  				                    				                    				                    				                  >    				                  汕头市",80吨,https://www.rawmex.cn/sell-10118911.html
2026-09-20,PC,rawmex,PC,2407,17800.0,元/吨,"上海
  				                    				                    				                    				                  >    				                  上海市",10吨,https://www.rawmex.cn/sell-10118482.html
2026-09-20,PC,rawmex,PC,牌号1100,16100.0,元/吨,"江苏省
  				                    				                    				                    				                  >    				                  苏州市",10吨,https://www.rawmex.cn/sell-10118483.html
2026-09-20,POM,rawmex,POM,注塑级;,11600.0,元/吨,"上海
  				                    				                    				                    				                  >    				                  上海市",32吨,https://www.rawmex.cn/sell-10118520.html
2026-09-20,POM,rawmex,POM,MC90,9800.0,元/吨,"江苏省
  				                    				                    				                    				                  >    				                  苏州市",32吨,https://www.rawmex.cn/sell-10118519.html
2026-09-20,POM,rawmex,POM,30A,9500.0,元/吨,"江苏省
  				                    				                    				                    				                  >    				                  常州市",32吨,https://www.rawmex.cn/sell-10118518.html
2026-09-20,POM,rawmex,POM,500AF,53000.0,元/吨,"浙江省
  				                    				                    				                    				                  >    				                  宁波市",10吨,https://www.rawmex.cn/sell-10118516.html
2026-09-20,POM,rawmex,POM,100P  NC010,45800.0,元/吨,"上海
  				                    				                    				                    				                  >    				                  上海市",10吨,https://www.rawmex.cn/sell-10118515.html
2026-09-20,POM,rawmex,POM,K300,14500.0,元/吨,"上海
  				                    				                    				                    				                  >    				                  上海市",5吨,https://www.rawmex.cn/sell-10118514.html
2026-09-20,POM,rawmex,POM,M270,12100.0,元/吨,"江苏省
  				                    				                    				                    				                  >    				                  苏州市",32吨,https://www.rawmex.cn/sell-10118513.html
2026-09-20,POM,rawmex,POM,UM-01,14200.0,元/吨,"上海
  				                    				                    				                    				                  >    				                  上海市",20吨,https://www.rawmex.cn/sell-10118509.html
2026-09-20,POM,rawmex,POM,100P,43500.0,元/吨,"浙江省
  				                    				                    				                    				                  >    				                  宁波市",12吨,https://www.rawmex.cn/sell-10118508.html
2026-09-20,POM,rawmex,POM,M90,13200.0,元/吨,"浙江省
  				                    				                    				                    				                  >    				                  宁波市",26吨,https://www.rawmex.cn/sell-10118504.html
2026-09-20,POM,rawmex,POM,M90 云天化加纤10%,12800.0,元/吨,"上海
  				                    				                    				                    				                  >    				                  上海市",30吨,https://www.rawmex.cn/sell-10118500.html
2026-09-20,POM,rawmex,POM,M90-44,15800.0,元/吨,"浙江省
  				                    				                    				                    				                  >    				                  宁波市",20吨,https://www.rawmex.cn/sell-10118501.html
2026-09-20,POM,rawmex,POM,100ST,44500.0,元/吨,"上海
  				                    				                    				                    				                  >    				                  上海市",6吨,https://www.rawmex.cn/sell-10118498.html
2026-09-20,POM,rawmex,POM,F20-02,13200.0,元/吨,"上海
  				                    				                    				                    				                  >    				                  上海市",10吨,https://www.rawmex.cn/sell-10118497.html
2026-09-20,POM,rawmex,POM,牌号:4520;,16500.0,元/吨,"江苏省
  				                    				                    				                    				                  >    				                  苏州市",8吨,https://www.rawmex.cn/sell-10118495.html
2026-09-20,POM,rawmex,POM,牌号:TS-22H  玻纤增强,22500.0,元/吨,"上海
  				                    				                    				                    				                  >    				                  上海市",10公斤,https://www.rawmex.cn/sell-10118487.html
2026-09-20,POM,rawmex,POM,K90-1,9800.0,元/吨,"江苏省
  				                    				                    				                    				                  >    				                  苏州市",32吨,https://www.rawmex.cn/sell-10118481.html
2026-09-20,POM,rawmex,POM,K90,9800.0,元/吨,"江苏省
  				                    				                    				                    				                  >    				                  苏州市",32吨,https://www.rawmex.cn/sell-10118478.html
2026-09-20,PA6,rawmex,PA6,73G45L,18100.0,元/吨,"上海
  				                    				                    				                    				                  >    				                  上海市",10吨,https://www.rawmex.cn/sell-10118494.html
2026-09-20,PA6,rawmex,PA6,1013B,18200.0,元/吨,"上海
  				                    				                    				                    				                  >    				                  上海市",22吨,https://www.rawmex.cn/sell-10118493.html
2026-09-20,PA6,rawmex,PA6,YH800,15000.0,元/吨,"上海
  				                    				                    				                    				                  >    				                  上海市",32吨,https://www.rawmex.cn/sell-10118477.html
2026-09-20,PA66,rawmex,PA66,A3WG6,29600.0,元/吨,"浙江省
  				                    				                    				                    				                  >    				                  宁波市",10吨,https://www.rawmex.cn/sell-10118506.html
2026-09-20,PA66,rawmex,PA66,牌号：NC010；用途：通用级；,38800.0,元/吨,"上海
  				                    				                    				                    				                  >    				                  上海市",16吨,https://www.rawmex.cn/sell-10118505.html
2026-09-20,PA66,rawmex,PA66,FR370,38200.0,元/吨,"上海
  				                    				                    				                    				                  >    				                  上海市",20吨,https://www.rawmex.cn/sell-10118503.html
2026-09-20,PA66,rawmex,PA66,A3WG6,29500.0,元/吨,"上海
  				                    				                    				                    				                  >    				                  上海市",10吨,https://www.rawmex.cn/sell-10118502.html
2026-09-20,PA66,rawmex,PA66,EPR27,18800.0,元/吨,"浙江省
  				                    				                    				                    				                  >    				                  宁波市",20吨,https://www.rawmex.cn/sell-10118492.html
2026-09-20,PA66,rawmex,PA66,101L,27500.0,元/吨,"浙江省
  				                    				                    				                    				                  >    				                  宁波市",10公斤,https://www.rawmex.cn/sell-10118488.html
2026-09-20,PET,rawmex,PET,CZ-302,8800.0,元/吨,"江苏省
  				                    				                    				                    				                  >    				                  常州市",100吨,https://www.rawmex.cn/sell-10118475.html
2026-09-20,PET,rawmex,PET,YS-C01,8800.0,元/吨,"上海
  				                    				                    				                    				                  >    				                  上海市",50吨,https://www.rawmex.cn/sell-10118474.html
2026-09-20,PET,rawmex,油料,YS-YO1,8800.0,元/吨,"上海
  				                    				                    				                    				                  >    				                  上海市",50吨,https://www.rawmex.cn/sell-10118473.html
2026-09-20,PET,rawmex,PET,CR-8839,8800.0,元/吨,"江苏省
  				                    				                    				                    				                  >    				                  常州市",100吨,https://www.rawmex.cn/sell-10118472.html
2026-09-20,PET,rawmex,PET,CR-8863,8800.0,元/吨,"江苏省
  				                    				                    				                    				                  >    				                  常州市",50吨,https://www.rawmex.cn/sell-10118471.html
2026-09-20,PET,rawmex,PET,CR-8816,8800.0,元/吨,"江苏省
  				                    				                    				                    				                  >    				                  常州市",100吨,https://www.rawmex.cn/sell-10118470.html
2026-09-20,PET,rawmex,PET,CZ-328,8900.0,元/吨,"江苏省
  				                    				                    				                    				                  >    				                  常州市",50吨,https://www.rawmex.cn/sell-10118469.html
2026-09-20,PET,rawmex,PET,WK-881,8800.0,元/吨,"浙江省
  				                    				                    				                    				                  >    				                  宁波市",50吨,https://www.rawmex.cn/sell-10118468.html
2026-09-20,PET,rawmex,PET,WK-821,8800.0,元/吨,"浙江省
  				                    				                    				                    				                  >    				                  宁波市",50吨,https://www.rawmex.cn/sell-10118467.html
2026-09-20,PET,rawmex,PET,WK-801,8800.0,元/吨,"浙江省
  				                    				                    				                    				                  >    				                  宁波市",100吨,https://www.rawmex.cn/sell-10118466.html
2026-09-20,PET,rawmex,PET,8816,8800.0,元/吨,"江苏省
  				                    				                    				                    				                  >    				                  常州市",100吨,https://www.rawmex.cn/sell-10118465.html
2026-09-20,PET,rawmex,PET,"三房巷 水瓶级 三房巷 优等品,GB/T 17931-2018",8750.0,元/吨,"江苏省
  				                    				                    				                    				                  >    				                  无锡市",90吨,https://www.rawmex.cn/sell-10117089.html
2026-09-20,PET,rawmex,PET,"浙江万凯 水瓶级 浙江万凯 优等品,GB/T 17931-2018",8680.0,元/吨,"浙江省
  				                    				                    				                    				                  >    				                  嘉兴市",100吨,https://www.rawmex.cn/sell-10117062.html
2026-09-20,PET,rawmex,PET,"三房巷 水瓶级 三房巷 优等品,GB/T 17931-2018",8700.0,元/吨,"江苏省
  				                    				                    				                    				                  >    				                  无锡市",60吨,https://www.rawmex.cn/sell-10117056.html
2026-09-20,PVC,rawmex,PVC,SG-5 优等品 中泰,4750.0,元/吨,"江苏省
  				                    				                    				                    				                  >    				                  常州市",100吨,https://www.rawmex.cn/sell-10086762.html
2026-09-20,PVC,rawmex,PVC,SG-5 优等品 中泰,4750.0,元/吨,"江苏省
  				                    				                    				                    				                  >    				                  常州市",100吨,https://www.rawmex.cn/sell-10086668.html
2026-09-20,PVC,rawmex,PVC,SG-5 优等品 中泰,4750.0,元/吨,"江苏省
  				                    				                    				                    				                  >    				                  常州市",100吨,https://www.rawmex.cn/sell-10086576.html
2026-09-20,PVC,rawmex,PVC,SG-5 优等品 鲁泰,4700.0,元/吨,"山东省
  				                    				                    				                    				                  >    				                  济宁市",100吨,https://www.rawmex.cn/sell-10085905.html
2026-09-20,PVC,rawmex,PVC,SG-5 优等品 鲁泰,4700.0,元/吨,"山东省
  				                    				                    				                    				                  >    				                  济宁市",100吨,https://www.rawmex.cn/sell-10085653.html
2026-09-20,PVC,rawmex,PVC,SG-5 优等品 鲁泰,4700.0,元/吨,"山东省
  				                    				                    				                    				                  >    				                  济宁市",100吨,https://www.rawmex.cn/sell-10085381.html
2026-09-20,PVC,rawmex,PVC,SG-5 优等品 鲁泰,4700.0,元/吨,"山东省
  				                    				                    				                    				                  >    				                  济宁市",100吨,https://www.rawmex.cn/sell-10085275.html
2026-09-20,PVC,rawmex,PVC,SG-5 优等品 信发,4680.0,元/吨,"山东省
  				                    				                    				                    				                  >    				                  聊城市",100吨,https://www.rawmex.cn/sell-10084587.html
2026-09-20,PVC,rawmex,PVC,SG-5 优等品 信发,4680.0,元/吨,"山东省
  				                    				                    				                    				                  >    				                  聊城市",100吨,https://www.rawmex.cn/sell-10084484.html
2026-09-20,PVC,rawmex,PVC,SG-5 优等品 信发,4680.0,元/吨,"山东省
  				                    				                    				                    				                  >    				                  聊城市",100吨,https://www.rawmex.cn/sell-10084361.html
2026-09-20,PVC,rawmex,PVC,SG-5 优等品 信发,4680.0,元/吨,"山东省
  				                    				                    				                    				                  >    				                  聊城市",100吨,https://www.rawmex.cn/sell-10084313.html
2026-09-20,PVC,rawmex,PVC,SG-5 优等品 信发,4680.0,元/吨,"山东省
  				                    				                    				                    				                  >    				                  聊城市",100吨,https://www.rawmex.cn/sell-10084158.html
2026-09-20,LDPE,rawmex,LDPE,Q281,12600.0,元/吨,"上海
  				                    				                    				                    				                  >    				                  上海市",20吨,https://www.rawmex.cn/sell-10118480.html
2026-09-21,ABS,cngold,ABS,通用级,11100.0,（元/吨）,,,https://m.cngold.org/price/jg10773179.html
2026-09-21,HDPE,cngold,HDPE,牌号:5000S;用途级别:拉丝级,10695.0,（元/吨）,,,https://m.cngold.org/price/jg10773174.html
2026-09-21,LDPE,cngold,LDPE,牌号:2426H;用途级别:薄膜级,12216.67,（元/吨）,,,https://m.cngold.org/price/jg10773173.html
2026-09-21,PC,cngold,PC,通用级,15083.33,（元/吨）,,,https://m.cngold.org/price/jg10773177.html
2026-09-21,PE,cngold,PE,薄膜料,9475.0,（元/吨）,,,https://m.cngold.org/price/jg10773122.html
2026-09-21,PET,cngold,PET,用途级别:水瓶级,8674.58,（元/吨）,,,https://m.cngold.org/price/jg10773175.html
2026-09-21,POM,cngold,POM,MC90,11900.0,（元/吨）,,,https://m.cngold.org/price/jg10773143.html
2026-09-21,PP,cngold,PP(纤维),牌号:Z30S;用途级别:纤维级,10125.0,（元/吨）,,,https://m.cngold.org/price/jg10773181.html
2026-09-21,PP,cngold,PP(拉丝),L5E89,10083.33,（元/吨）,,,https://m.cngold.org/price/jg10773181.html
2026-09-21,PS,cngold,PS,牌号:525;用途级别:注塑级,11183.33,（元/吨）,,,https://m.cngold.org/price/jg10773180.html
2026-09-21,PVC,cngold,PVC,SG-5 优等品,4690.0,（元/吨）,,,https://m.cngold.org/price/jg10773182.html
2026-09-21,PP,rawmex,PP,镇海炼化 T30S,11600.0,元/吨,"浙江省
  				                    				                    				                    				                  >    				                  宁波市",27吨,https://www.rawmex.cn/sell-10173033.html
2026-09-21,PP,rawmex,PP,镇海炼化 T30S,11900.0,元/吨,"浙江省
  				                    				                    				                    				                  >    				                  宁波市",27吨,https://www.rawmex.cn/sell-10173031.html
2026-09-21,PP,rawmex,PP,镇海炼化 T30S,11800.0,元/吨,"浙江省
  				                    				                    				                    				                  >    				                  宁波市",27吨,https://www.rawmex.cn/sell-10173030.html
2026-09-21,PP,rawmex,PP,抚顺石化 L5E89,10050.0,元/吨,"山东省
  				                    				                    				                    				                  >    				                  临沂市",99吨,https://www.rawmex.cn/sell-10173022.html
2026-09-21,PP,rawmex,PP,抚顺石化 L5E89,10200.0,元/吨,"山东省
  				                    				                    				                    				                  >    				                  临沂市",66吨,https://www.rawmex.cn/sell-10173020.html
2026-09-21,PP,rawmex,PP,抚顺石化 L5E89,10000.0,元/吨,"山东省
  				                    				                    				                    				                  >    				                  临沂市",66吨,https://www.rawmex.cn/sell-10173006.html
2026-09-21,PP,rawmex,PP,5250T,11000.0,元/吨,"上海
  				                    				                    				                    				                  >    				                  上海市",32吨,https://www.rawmex.cn/sell-10171868.html
2026-09-21,PP,rawmex,PP,5200XT,11100.0,元/吨,"江苏省
  				                    				                    				                    				                  >    				                  苏州市",32吨,https://www.rawmex.cn/sell-10171866.html
2026-09-21,PP,rawmex,PP,M800E,10900.0,元/吨,上海,20吨,https://www.rawmex.cn/sell-10171862.html
2026-09-21,PP,rawmex,PP,牌号:T30S;用途级别:拉丝级;,10700.0,元/吨,湖北省,30.0吨,https://www.rawmex.cn/sell-10169754.html
2026-09-21,PP,rawmex,PP,牌号:T30S;用途级别:拉丝级;,10700.0,元/吨,湖北省,30.0吨,https://www.rawmex.cn/sell-10169474.html
2026-09-21,PP,rawmex,PP,牌号:T30S;用途级别:拉丝级;,10700.0,元/吨,湖北省,30.0吨,https://www.rawmex.cn/sell-10169417.html
2026-09-21,PP,rawmex,PP,牌号:T30S;用途级别:拉丝级;,10700.0,元/吨,湖北省,30.0吨,https://www.rawmex.cn/sell-10169397.html
2026-09-21,PP,rawmex,PP,牌号:T30S;用途级别:拉丝级;,10700.0,元/吨,湖北省,30.0吨,https://www.rawmex.cn/sell-10169331.html
2026-09-21,PP,rawmex,PP,牌号:T30S;用途级别:拉丝级;,10700.0,元/吨,湖北省,30.0吨,https://www.rawmex.cn/sell-10169308.html
2026-09-21,PP,rawmex,PP,牌号:T30S;用途级别:拉丝级;,10700.0,元/吨,湖北省,30.0吨,https://www.rawmex.cn/sell-10169213.html
2026-09-21,PP,rawmex,PP,牌号:T30S;用途级别:拉丝级;,10700.0,元/吨,湖北省,30.0吨,https://www.rawmex.cn/sell-10169192.html
2026-09-21,PP,rawmex,PP,牌号:T30S;用途级别:拉丝级;,10700.0,元/吨,湖北省,30.0吨,https://www.rawmex.cn/sell-10169197.html
2026-09-21,PP,rawmex,PP,牌号:T30S;用途级别:拉丝级;,10700.0,元/吨,湖北省,30.0吨,https://www.rawmex.cn/sell-10169184.html
2026-09-21,PP,rawmex,PP,牌号:T30S;用途级别:拉丝级;,10700.0,元/吨,湖北省,30.0吨,https://www.rawmex.cn/sell-10169185.html
2026-09-21,ABS,rawmex,ABS,吉林石化 0215A,11200.0,元/吨,"广东省
  				                    				                    				                    				                  >    				                  揭阳市",64吨,https://www.rawmex.cn/sell-10172282.html
2026-09-21,ABS,rawmex,ABS,吉林石化 0215A,11050.0,元/吨,"广东省
  				                    				                    				                    				                  >    				                  东莞市",64吨,https://www.rawmex.cn/sell-10166519.html
2026-09-21,ABS,rawmex,ABS,吉林石化 0215A,11050.0,元/吨,"广东省
  				                    				                    				                    				                  >    				                  揭阳市",64吨,https://www.rawmex.cn/sell-10166668.html
2026-09-21,ABS,rawmex,ABS,规格：PA-765A,32300.0,元/吨,"江苏省
  				                    				                    				                    				                  >    				                  常州市",15吨,https://www.rawmex.cn/sell-10171876.html
2026-09-21,ABS,rawmex,ABS,PA-757K,12500.0,元/吨,"上海
  				                    				                    				                    				                  >    				                  上海市",32吨,https://www.rawmex.cn/sell-10171873.html
2026-09-21,ABS,rawmex,ABS,HI-121H,11900.0,元/吨,"上海
  				                    				                    				                    				                  >    				                  上海市",32吨,https://www.rawmex.cn/sell-10171867.html
2026-09-21,ABS,rawmex,ABS,D-1000,18800.0,元/吨,"上海
  				                    				                    				                    				                  >    				                  上海市",10吨,https://www.rawmex.cn/sell-10171816.html
2026-09-21,ABS,rawmex,ABS,PA-758,17800.0,元/吨,"上海
  				                    				                    				                    				                  >    				                  上海市",15吨,https://www.rawmex.cn/sell-10171815.html
2026-09-21,ABS,rawmex,ABS,DG-417,12300.0,元/吨,"上海
  				                    				                    				                    				                  >    				                  上海市",32吨,https://www.rawmex.cn/sell-10171812.html
2026-09-21,ABS,rawmex,ABS,417,11800.0,元/吨,浙江省,60吨,https://www.rawmex.cn/sell-10126826.html
2026-09-21,ABS,rawmex,ABS,121H,12000.0,元/吨,"浙江省
  				                    				                    				                    				                  >    				                  宁波市",60吨,https://www.rawmex.cn/sell-10126786.html
2026-09-21,ABS,rawmex,ABS,CT2010,13000.0,元/吨,"浙江省
  				                    				                    				                    				                  >    				                  宁波市",80吨,https://www.rawmex.cn/sell-10126784.html
2026-09-21,PC,rawmex,PC,鲁西化工 LXTY1609T-11,15100.0,元/吨,"广东省
  				                    				                    				                    				                  >    				                  东莞市",80吨,https://www.rawmex.cn/sell-10172285.html
2026-09-21,PC,rawmex,PC,鲁西化工 LXTY1609T-11,15050.0,元/吨,"广东省
  				                    				                    				                    				                  >    				                  东莞市",80吨,https://www.rawmex.cn/sell-10172284.html
2026-09-21,PC,rawmex,PC,鲁西化工 LXTY1609T-11,15100.0,元/吨,"广东省
  				                    				                    				                    				                  >    				                  汕头市",80吨,https://www.rawmex.cn/sell-10172283.html
2026-09-21,PC,rawmex,PC,牌号1100,16100.0,元/吨,"江苏省
  				                    				                    				                    				                  >    				                  苏州市",10吨,https://www.rawmex.cn/sell-10171869.html
2026-09-21,PC,rawmex,PC,2407,17800.0,元/吨,"上海
  				                    				                    				                    				                  >    				                  上海市",10吨,https://www.rawmex.cn/sell-10171870.html
2026-09-21,PC,rawmex,PC,940,18800.0,元/吨,"上海
  				                    				                    				                    				                  >    				                  上海市",10吨,https://www.rawmex.cn/sell-10171820.html
2026-09-21,PC,rawmex,PC,2805,16600.0,元/吨,"上海
  				                    				                    				                    				                  >    				                  上海市",10吨,https://www.rawmex.cn/sell-10171817.html
2026-09-21,PC,rawmex,PC,LED2245  000000,36300.0,元/吨,"上海
  				                    				                    				                    				                  >    				                  上海市",5吨,https://www.rawmex.cn/sell-10171818.html
2026-09-21,PC,rawmex,PC,141R-111,16200.0,元/吨,"上海
  				                    				                    				                    				                  >    				                  上海市",30吨,https://www.rawmex.cn/sell-10171813.html
2026-09-21,PC,rawmex,PC,PC-110,18600.0,元/吨,"上海
  				                    				                    				                    				                  >    				                  上海市",10吨,https://www.rawmex.cn/sell-10171814.html
2026-09-21,PC,rawmex,PC,韩国 SC-1100R 乐天尖端 原厂标准 PC,15500.0,元/吨,"浙江省
  				                    				                    				                    				                  >    				                  宁波市",60吨,https://www.rawmex.cn/sell-10120954.html
2026-09-21,PC,rawmex,PC,韩国 SC-1100R 乐天尖端 原厂标准 PC,15500.0,元/吨,"浙江省
  				                    				                    				                    				                  >    				                  宁波市",60吨,https://www.rawmex.cn/sell-10120955.html
2026-09-21,PC,rawmex,PC,PC-1100,15000.0,元/吨,浙江省,60吨,https://www.rawmex.cn/sell-10120949.html
2026-09-21,PC,rawmex,PC,PC-110,18500.0,元/吨,浙江省,60吨,https://www.rawmex.cn/sell-10120950.html
2026-09-21,PC,rawmex,PC,PC-1100,15000.0,元/吨,浙江省,60吨,https://www.rawmex.cn/sell-10120952.html
2026-09-21,PC,rawmex,PC,SC-1100R,15500.0,元/吨,浙江省,60吨,https://www.rawmex.cn/sell-10120945.html
2026-09-21,PC,rawmex,PC,PC-110,18500.0,元/吨,浙江省,60吨,https://www.rawmex.cn/sell-10120947.html
2026-09-21,PC,rawmex,PC,WY-111BR,15200.0,元/吨,浙江省,60吨,https://www.rawmex.cn/sell-10120939.html
2026-09-21,PC,rawmex,PC,LXTY1609T-11,15500.0,元/吨,浙江省,60吨,https://www.rawmex.cn/sell-10120941.html
2026-09-21,PC,rawmex,PC,WY-111BR,15200.0,元/吨,浙江省,60吨,https://www.rawmex.cn/sell-10120942.html
2026-09-21,POM,rawmex,POM,K90,9800.0,元/吨,"江苏省
  				                    				                    				                    				                  >    				                  苏州市",32吨,https://www.rawmex.cn/sell-10171874.html
2026-09-21,POM,rawmex,POM,K90-1,9800.0,元/吨,"江苏省
  				                    				                    				                    				                  >    				                  苏州市",32吨,https://www.rawmex.cn/sell-10171871.html
2026-09-21,POM,rawmex,POM,牌号:TS-22H  玻纤增强,22500.0,元/吨,"上海
  				                    				                    				                    				                  >    				                  上海市",10公斤,https://www.rawmex.cn/sell-10171865.html
2026-09-21,POM,rawmex,POM,牌号:4520;,16500.0,元/吨,"江苏省
  				                    				                    				                    				                  >    				                  苏州市",8吨,https://www.rawmex.cn/sell-10171857.html
2026-09-21,POM,rawmex,POM,100ST,44500.0,元/吨,"上海
  				                    				                    				                    				                  >    				                  上海市",6吨,https://www.rawmex.cn/sell-10171854.html
2026-09-21,POM,rawmex,POM,F20-02,13200.0,元/吨,"上海
  				                    				                    				                    				                  >    				                  上海市",10吨,https://www.rawmex.cn/sell-10171855.html
2026-09-21,POM,rawmex,POM,M90-44,15800.0,元/吨,"浙江省
  				                    				                    				                    				                  >    				                  宁波市",20吨,https://www.rawmex.cn/sell-10171851.html
2026-09-21,POM,rawmex,POM,M90 云天化加纤10%,12800.0,元/吨,"上海
  				                    				                    				                    				                  >    				                  上海市",30吨,https://www.rawmex.cn/sell-10171852.html
2026-09-21,POM,rawmex,POM,M90,13200.0,元/吨,"浙江省
  				                    				                    				                    				                  >    				                  宁波市",26吨,https://www.rawmex.cn/sell-10171848.html
2026-09-21,POM,rawmex,POM,UM-01,14200.0,元/吨,"上海
  				                    				                    				                    				                  >    				                  上海市",20吨,https://www.rawmex.cn/sell-10171843.html
2026-09-21,POM,rawmex,POM,100P,43500.0,元/吨,"浙江省
  				                    				                    				                    				                  >    				                  宁波市",12吨,https://www.rawmex.cn/sell-10171844.html
2026-09-21,POM,rawmex,POM,K300,14500.0,元/吨,"上海
  				                    				                    				                    				                  >    				                  上海市",5吨,https://www.rawmex.cn/sell-10171838.html
2026-09-21,POM,rawmex,POM,M270,12100.0,元/吨,"江苏省
  				                    				                    				                    				                  >    				                  苏州市",32吨,https://www.rawmex.cn/sell-10171839.html
2026-09-21,POM,rawmex,POM,500CL,58000.0,元/吨,"江苏省
  				                    				                    				                    				                  >    				                  苏州市",10吨,https://www.rawmex.cn/sell-10171835.html
2026-09-21,POM,rawmex,POM,500P,35000.0,元/吨,"江苏省
  				                    				                    				                    				                  >    				                  苏州市",10吨,https://www.rawmex.cn/sell-10171837.html
2026-09-21,POM,rawmex,POM,M90,11800.0,元/吨,"浙江省
  				                    				                    				                    				                  >    				                  宁波市",32吨,https://www.rawmex.cn/sell-10171831.html
2026-09-21,POM,rawmex,POM,500AF,53000.0,元/吨,"浙江省
  				                    				                    				                    				                  >    				                  宁波市",10吨,https://www.rawmex.cn/sell-10171833.html
2026-09-21,POM,rawmex,POM,100P  NC010,45800.0,元/吨,"上海
  				                    				                    				                    				                  >    				                  上海市",10吨,https://www.rawmex.cn/sell-10171834.html
2026-09-21,POM,rawmex,POM,注塑级;,12200.0,元/吨,"上海
  				                    				                    				                    				                  >    				                  上海市",32吨,https://www.rawmex.cn/sell-10171828.html
2026-09-21,POM,rawmex,POM,30A,9500.0,元/吨,"江苏省
  				                    				                    				                    				                  >    				                  常州市",32吨,https://www.rawmex.cn/sell-10171830.html
2026-09-21,PA6,rawmex,PA6,YH800,14900.0,元/吨,"上海
  				                    				                    				                    				                  >    				                  上海市",32吨,https://www.rawmex.cn/sell-10171875.html
2026-09-21,PA6,rawmex,PA6,73G45L,18100.0,元/吨,"上海
  				                    				                    				                    				                  >    				                  上海市",10吨,https://www.rawmex.cn/sell-10171858.html
2026-09-21,PA6,rawmex,PA6,1013B,18200.0,元/吨,"上海
  				                    				                    				                    				                  >    				                  上海市",22吨,https://www.rawmex.cn/sell-10171859.html
2026-09-21,PA66,rawmex,PA66,101L,27500.0,元/吨,"浙江省
  				                    				                    				                    				                  >    				                  宁波市",10公斤,https://www.rawmex.cn/sell-10171864.html
2026-09-21,PA66,rawmex,PA66,EPR27,18800.0,元/吨,"浙江省
  				                    				                    				                    				                  >    				                  宁波市",20吨,https://www.rawmex.cn/sell-10171860.html
2026-09-21,PA66,rawmex,PA66,FR370,38200.0,元/吨,"上海
  				                    				                    				                    				                  >    				                  上海市",20吨,https://www.rawmex.cn/sell-10171849.html
2026-09-21,PA66,rawmex,PA66,A3WG6,29500.0,元/吨,"上海
  				                    				                    				                    				                  >    				                  上海市",10吨,https://www.rawmex.cn/sell-10171850.html
2026-09-21,PA66,rawmex,PA66,A3WG6,29600.0,元/吨,"浙江省
  				                    				                    				                    				                  >    				                  宁波市",10吨,https://www.rawmex.cn/sell-10171846.html
2026-09-21,PA66,rawmex,PA66,牌号：NC010；用途：通用级；,38800.0,元/吨,"上海
  				                    				                    				                    				                  >    				                  上海市",16吨,https://www.rawmex.cn/sell-10171847.html
2026-09-21,PA66,rawmex,PA66,A3EG3,31500.0,元/吨,"江苏省
  				                    				                    				                    				                  >    				                  苏州市",32吨,https://www.rawmex.cn/sell-10171836.html
2026-09-21,PET,rawmex,PET,"浙江万凯 水瓶级 浙江万凯 优等品,GB/T 17931-2018",8700.0,元/吨,"浙江省
  				                    				                    				                    				                  >    				                  嘉兴市",60吨,https://www.rawmex.cn/sell-10172247.html
2026-09-21,PET,rawmex,PET,"三房巷 水瓶级 三房巷 优等品,GB/T 17931-2018",8650.0,元/吨,"江苏省
  				                    				                    				                    				                  >    				                  无锡市",60吨,https://www.rawmex.cn/sell-10172246.html
2026-09-21,PET,rawmex,PET,"浙江万凯 水瓶级 浙江万凯 优等品,GB/T 17931-2018",8680.0,元/吨,"浙江省
  				                    				                    				                    				                  >    				                  嘉兴市",100吨,https://www.rawmex.cn/sell-10172244.html
2026-09-21,PET,rawmex,PET,"三房巷 水瓶级 三房巷 优等品,GB/T 17931-2018",8700.0,元/吨,"江苏省
  				                    				                    				                    				                  >    				                  无锡市",60吨,https://www.rawmex.cn/sell-10172243.html
2026-09-21,PET,rawmex,PET,"浙江万凯 水瓶级 浙江万凯 优等品,GB/T 17931-2018",8650.0,元/吨,"浙江省
  				                    				                    				                    				                  >    				                  嘉兴市",60吨,https://www.rawmex.cn/sell-10172242.html
2026-09-21,PET,rawmex,PET,"三房巷 水瓶级 三房巷 优等品,GB/T 17931-2018",8700.0,元/吨,"江苏省
  				                    				                    				                    				                  >    				                  无锡市",90吨,https://www.rawmex.cn/sell-10172241.html
2026-09-21,PET,rawmex,PET,"浙江万凯 水瓶级 浙江万凯 优等品,GB/T 17931-2018",8750.0,元/吨,"浙江省
  				                    				                    				                    				                  >    				                  嘉兴市",60吨,https://www.rawmex.cn/sell-10117097.html
2026-09-21,PET,rawmex,PET,WK-821,8700.0,元/吨,"浙江省
  				                    				                    				                    				                  >    				                  宁波市",50吨,https://www.rawmex.cn/sell-10171885.html
2026-09-21,PET,rawmex,PET,WK-801,8700.0,元/吨,"浙江省
  				                    				                    				                    				                  >    				                  宁波市",100吨,https://www.rawmex.cn/sell-10171886.html
2026-09-21,PET,rawmex,PET,8816,8800.0,元/吨,"江苏省
  				                    				                    				                    				                  >    				                  常州市",100吨,https://www.rawmex.cn/sell-10171887.html
2026-09-21,PET,rawmex,PET,CZ-328,8700.0,元/吨,"江苏省
  				                    				                    				                    				                  >    				                  常州市",50吨,https://www.rawmex.cn/sell-10171883.html
2026-09-21,PET,rawmex,PET,WK-881,8700.0,元/吨,"浙江省
  				                    				                    				                    				                  >    				                  宁波市",50吨,https://www.rawmex.cn/sell-10171884.html
2026-09-21,PET,rawmex,PET,CR-8839,8800.0,元/吨,"江苏省
  				                    				                    				                    				                  >    				                  常州市",100吨,https://www.rawmex.cn/sell-10171880.html
2026-09-21,PET,rawmex,PET,CR-8863,8800.0,元/吨,"江苏省
  				                    				                    				                    				                  >    				                  常州市",50吨,https://www.rawmex.cn/sell-10171881.html
2026-09-21,PET,rawmex,PET,CR-8816,8800.0,元/吨,"江苏省
  				                    				                    				                    				                  >    				                  常州市",100吨,https://www.rawmex.cn/sell-10171882.html
2026-09-21,PET,rawmex,PET,YS-C01,8700.0,元/吨,"上海
  				                    				                    				                    				                  >    				                  上海市",50吨,https://www.rawmex.cn/sell-10171878.html
2026-09-21,PET,rawmex,油料,YS-YO1,8700.0,元/吨,"上海
  				                    				                    				                    				                  >    				                  上海市",50吨,https://www.rawmex.cn/sell-10171879.html
2026-09-21,PET,rawmex,PET,CZ-302,8650.0,元/吨,"江苏省
  				                    				                    				                    				                  >    				                  常州市",100吨,https://www.rawmex.cn/sell-10171877.html
2026-09-21,PET,rawmex,PET,YS-W01,8700.0,元/吨,"上海
  				                    				                    				                    				                  >    				                  上海市",50吨,https://www.rawmex.cn/sell-10171810.html
2026-09-21,PET,rawmex,PET,浙江万凯 水瓶级 浙江万凯,8630.0,元/吨,"浙江省
  				                    				                    				                    				                  >    				                  嘉兴市",100吨,https://www.rawmex.cn/sell-10166097.html
2026-09-21,PVC,rawmex,PVC,SG-5 优等品 中泰,4770.0,元/吨,"江苏省
  				                    				                    				                    				                  >    				                  常州市",100吨,https://www.rawmex.cn/sell-10169826.html
2026-09-21,PVC,rawmex,PVC,SG-5 优等品 中泰,4770.0,元/吨,"江苏省
  				                    				                    				                    				                  >    				                  常州市",100吨,https://www.rawmex.cn/sell-10169720.html
2026-09-21,PVC,rawmex,PVC,SG-5 优等品 中泰,4770.0,元/吨,"江苏省
  				                    				                    				                    				                  >    				                  常州市",100吨,https://www.rawmex.cn/sell-10169641.html
2026-09-21,PVC,rawmex,PVC,SG-5 优等品 鲁泰,4700.0,元/吨,"山东省
  				                    				                    				                    				                  >    				                  济宁市",100吨,https://www.rawmex.cn/sell-10169168.html
2026-09-21,PVC,rawmex,PVC,SG-5 优等品 鲁泰,4700.0,元/吨,"山东省
  				                    				                    				                    				                  >    				                  济宁市",100吨,https://www.rawmex.cn/sell-10169083.html
2026-09-21,PVC,rawmex,PVC,SG-5 优等品 鲁泰,4700.0,元/吨,"山东省
  				                    				                    				                    				                  >    				                  济宁市",100吨,https://www.rawmex.cn/sell-10168995.html
2026-09-21,PVC,rawmex,PVC,SG-5 优等品 鲁泰,4700.0,元/吨,"山东省
  				                    				                    				                    				                  >    				                  济宁市",100吨,https://www.rawmex.cn/sell-10168914.html
2026-09-21,PVC,rawmex,PVC,SG-5 优等品 鲁泰,4700.0,元/吨,"山东省
  				                    				                    				                    				                  >    				                  济宁市",100吨,https://www.rawmex.cn/sell-10168822.html
2026-09-21,PVC,rawmex,PVC,SG-5 优等品 信发,4680.0,元/吨,"山东省
  				                    				                    				                    				                  >    				                  聊城市",100吨,https://www.rawmex.cn/sell-10168282.html
2026-09-21,PVC,rawmex,PVC,SG-5 优等品 信发,4680.0,元/吨,"山东省
  				                    				                    				                    				                  >    				                  聊城市",100吨,https://www.rawmex.cn/sell-10168135.html
2026-09-21,PVC,rawmex,PVC,SG-5 优等品 信发,4680.0,元/吨,"山东省
  				                    				                    				                    				                  >    				                  聊城市",100吨,https://www.rawmex.cn/sell-10167699.html
2026-09-21,PVC,rawmex,PVC,SG-5 优等品 信发,4680.0,元/吨,"山东省
  				                    				                    				                    				                  >    				                  聊城市",100吨,https://www.rawmex.cn/sell-10167498.html
2026-09-21,PVC,rawmex,PVC,SG-5 优等品 信发,4680.0,元/吨,"山东省
  				                    				                    				                    				                  >    				                  聊城市",100吨,https://www.rawmex.cn/sell-10167165.html
2026-09-21,LDPE,rawmex,LDPE,Q281,12500.0,元/吨,"上海
  				                    				                    				                    				                  >    				                  上海市",20吨,https://www.rawmex.cn/sell-10171872.html
2026-09-22,PP,rawmex,PP京博M800E,京博 M800E 京博 原厂标准 pp,10200.0,元/吨,"浙江省
  				                    				                    				                    				                  >    				                  宁波市",10吨,https://www.rawmex.cn/sell-10199411.html
2026-09-22,PP,rawmex,PP,镇海炼化 T30S,11800.0,元/吨,"浙江省
  				                    				                    				                    				                  >    				                  宁波市",27吨,https://www.rawmex.cn/sell-10198613.html
2026-09-22,PP,rawmex,PP,镇海炼化 T30S,11500.0,元/吨,"浙江省
  				                    				                    				                    				                  >    				                  宁波市",27吨,https://www.rawmex.cn/sell-10198610.html
2026-09-22,PP,rawmex,PP,镇海炼化 T30S,11700.0,元/吨,"浙江省
  				                    				                    				                    				                  >    				                  宁波市",27吨,https://www.rawmex.cn/sell-10198611.html
2026-09-22,PP,rawmex,PP,抚顺石化 L5E89,10000.0,元/吨,"山东省
  				                    				                    				                    				                  >    				                  临沂市",66吨,https://www.rawmex.cn/sell-10197635.html
2026-09-22,PP,rawmex,PP,抚顺石化 L5E89,10000.0,元/吨,"山东省
  				                    				                    				                    				                  >    				                  临沂市",66吨,https://www.rawmex.cn/sell-10197634.html
2026-09-22,PP,rawmex,PP,抚顺石化 L5E89,9800.0,元/吨,"山东省
  				                    				                    				                    				                  >    				                  临沂市",99吨,https://www.rawmex.cn/sell-10197633.html
2026-09-22,PP,rawmex,PP,中煤 L5E89,9950.0,元/吨,"浙江省
  				                    				                    				                    				                  >    				                  金华市",33吨,https://www.rawmex.cn/sell-10196147.html
2026-09-22,PP,rawmex,PP,牌号:T30S;用途级别:拉丝级;,10700.0,元/吨,湖北省,30.0吨,https://www.rawmex.cn/sell-10192384.html
2026-09-22,PP,rawmex,PP,中煤 L5E89,10000.0,元/吨,"浙江省
  				                    				                    				                    				                  >    				                  杭州市",34吨,https://www.rawmex.cn/sell-10189229.html
2026-09-22,PP,rawmex,PP,中煤 L5E89,9980.0,元/吨,"浙江省
  				                    				                    				                    				                  >    				                  金华市",66吨,https://www.rawmex.cn/sell-10184783.html
2026-09-22,PP,rawmex,PP,牌号:T30S;用途级别:拉丝级;,10700.0,元/吨,湖北省,30.0吨,https://www.rawmex.cn/sell-10178087.html
2026-09-22,PP,rawmex,PP京博M800E,京博 M800E 京博 原厂标准 pp,10200.0,元/吨,"浙江省
  				                    				                    				                    				                  >    				                  宁波市",10吨,https://www.rawmex.cn/sell-10174428.html
2026-09-22,ABS,rawmex,ABS,CT2010,13000.0,元/吨,"浙江省
  				                    				                    				                    				                  >    				                  宁波市",80吨,https://www.rawmex.cn/sell-10199413.html
2026-09-22,ABS,rawmex,ABS,121H,12000.0,元/吨,"浙江省
  				                    				                    				                    				                  >    				                  宁波市",60吨,https://www.rawmex.cn/sell-10199412.html
2026-09-22,ABS,rawmex,ABS,417,11800.0,元/吨,浙江省,60吨,https://www.rawmex.cn/sell-10199408.html
2026-09-22,ABS,rawmex,ABS,0215A,10800.0,元/吨,"浙江省
  				                    				                    				                    				                  >    				                  宁波市",30吨,https://www.rawmex.cn/sell-10199399.html
2026-09-22,ABS,rawmex,ABS,GP-22,15000.0,元/吨,"浙江省
  				                    				                    				                    				                  >    				                  宁波市",16吨,https://www.rawmex.cn/sell-10199398.html
2026-09-22,ABS,rawmex,ABS,PA-747,15000.0,元/吨,"浙江省
  				                    				                    				                    				                  >    				                  宁波市",32吨,https://www.rawmex.cn/sell-10199397.html
2026-09-22,ABS,rawmex,ABS,吉林石化 0215A,11100.0,元/吨,"广东省
  				                    				                    				                    				                  >    				                  揭阳市",64吨,https://www.rawmex.cn/sell-10197620.html
2026-09-22,ABS,rawmex,ABS,吉林石化 0215A,11000.0,元/吨,"广东省
  				                    				                    				                    				                  >    				                  揭阳市",64吨,https://www.rawmex.cn/sell-10196504.html
2026-09-22,ABS,rawmex,ABS,吉林石化 0215A,10950.0,元/吨,"广东省
  				                    				                    				                    				                  >    				                  东莞市",64吨,https://www.rawmex.cn/sell-10196497.html
2026-09-22,ABS,rawmex,ABS,GP-22,15000.0,元/吨,"浙江省
  				                    				                    				                    				                  >    				                  宁波市",16吨,https://www.rawmex.cn/sell-10176593.html
2026-09-22,ABS,rawmex,ABS,PA-747,15000.0,元/吨,"浙江省
  				                    				                    				                    				                  >    				                  宁波市",32吨,https://www.rawmex.cn/sell-10176591.html
2026-09-22,ABS,rawmex,ABS,0215A,10800.0,元/吨,"浙江省
  				                    				                    				                    				                  >    				                  宁波市",30吨,https://www.rawmex.cn/sell-10174439.html
2026-09-22,ABS,rawmex,ABS,417,11800.0,元/吨,浙江省,60吨,https://www.rawmex.cn/sell-10174431.html
2026-09-22,ABS,rawmex,ABS,121H,12000.0,元/吨,"浙江省
  				                    				                    				                    				                  >    				                  宁波市",60吨,https://www.rawmex.cn/sell-10174427.html
2026-09-22,ABS,rawmex,ABS,CT2010,13000.0,元/吨,"浙江省
  				                    				                    				                    				                  >    				                  宁波市",80吨,https://www.rawmex.cn/sell-10174426.html
2026-09-22,PC,rawmex,PC,韩国 SC-1100R 乐天尖端 原厂标准 PC,15500.0,元/吨,"浙江省
  				                    				                    				                    				                  >    				                  宁波市",60吨,https://www.rawmex.cn/sell-10199410.html
2026-09-22,PC,rawmex,PC,PC-110,18500.0,元/吨,浙江省,60吨,https://www.rawmex.cn/sell-10199406.html
2026-09-22,PC,rawmex,PC,PC-1100,15000.0,元/吨,浙江省,60吨,https://www.rawmex.cn/sell-10199407.html
2026-09-22,PC,rawmex,PC,WY-111BR,15200.0,元/吨,浙江省,60吨,https://www.rawmex.cn/sell-10199401.html
2026-09-22,PC,rawmex,PC,LXTY1609T-11,15500.0,元/吨,浙江省,60吨,https://www.rawmex.cn/sell-10199403.html
2026-09-22,PC,rawmex,PC,SC-1100R,15500.0,元/吨,浙江省,60吨,https://www.rawmex.cn/sell-10199404.html
2026-09-22,PC,rawmex,PC,鲁西化工 LXTY1609T-11,15000.0,元/吨,"广东省
  				                    				                    				                    				                  >    				                  东莞市",80吨,https://www.rawmex.cn/sell-10197631.html
2026-09-22,PC,rawmex,PC,鲁西化工 LXTY1609T-11,14950.0,元/吨,"广东省
  				                    				                    				                    				                  >    				                  东莞市",80吨,https://www.rawmex.cn/sell-10197630.html
2026-09-22,PC,rawmex,PC,鲁西化工 LXTY1609T-11,15050.0,元/吨,"广东省
  				                    				                    				                    				                  >    				                  汕头市",80吨,https://www.rawmex.cn/sell-10197623.html
2026-09-22,PC,rawmex,PC,SC-1100R,15500.0,元/吨,浙江省,60吨,https://www.rawmex.cn/sell-10174435.html
2026-09-22,PC,rawmex,PC,LXTY1609T-11,15500.0,元/吨,浙江省,60吨,https://www.rawmex.cn/sell-10174436.html
2026-09-22,PC,rawmex,PC,WY-111BR,15200.0,元/吨,浙江省,60吨,https://www.rawmex.cn/sell-10174437.html
2026-09-22,PC,rawmex,PC,PC-1100,15000.0,元/吨,浙江省,60吨,https://www.rawmex.cn/sell-10174432.html
2026-09-22,PC,rawmex,PC,PC-110,18500.0,元/吨,浙江省,60吨,https://www.rawmex.cn/sell-10174433.html
2026-09-22,PC,rawmex,PC,韩国 SC-1100R 乐天尖端 原厂标准 PC,15500.0,元/吨,"浙江省
  				                    				                    				                    				                  >    				                  宁波市",60吨,https://www.rawmex.cn/sell-10174429.html
2026-09-22,POM,rawmex,POM,M90-44,14000.0,元/吨,浙江省,60吨,https://www.rawmex.cn/sell-10199409.html
2026-09-22,POM,rawmex,POM,M90-44,14000.0,元/吨,浙江省,60吨,https://www.rawmex.cn/sell-10174430.html
2026-09-22,PET,rawmex,PET,"三房巷 水瓶级 三房巷 优等品,GB/T 17931-2018",8730.0,元/吨,"江苏省
  				                    				                    				                    				                  >    				                  无锡市",60吨,https://www.rawmex.cn/sell-10196435.html
2026-09-22,PET,rawmex,PET,"浙江万凯 水瓶级 浙江万凯 优等品,GB/T 17931-2018",8600.0,元/吨,"浙江省
  				                    				                    				                    				                  >    				                  嘉兴市",100吨,https://www.rawmex.cn/sell-10196438.html
2026-09-22,PET,rawmex,PET,"浙江万凯 水瓶级 浙江万凯 优等品,GB/T 17931-2018",8750.0,元/吨,"浙江省
  				                    				                    				                    				                  >    				                  嘉兴市",60吨,https://www.rawmex.cn/sell-10197573.html
2026-09-22,PET,rawmex,PET,"三房巷 水瓶级 三房巷 优等品,GB/T 17931-2018",8650.0,元/吨,"江苏省
  				                    				                    				                    				                  >    				                  无锡市",60吨,https://www.rawmex.cn/sell-10197571.html
2026-09-22,PET,rawmex,PET,"浙江万凯 水瓶级 浙江万凯 优等品,GB/T 17931-2018",8550.0,元/吨,"浙江省
  				                    				                    				                    				                  >    				                  嘉兴市",100吨,https://www.rawmex.cn/sell-10196154.html
2026-09-22,PET,rawmex,PET,"三房巷 水瓶级 三房巷 优等品,GB/T 17931-2018",8650.0,元/吨,"江苏省
  				                    				                    				                    				                  >    				                  无锡市",90吨,https://www.rawmex.cn/sell-10196153.html
2026-09-22,PET,rawmex,PET,"浙江万凯 水瓶级 浙江万凯 优等品,GB/T 17931-2018",8630.0,元/吨,"浙江省
  				                    				                    				                    				                  >    				                  嘉兴市",60吨,https://www.rawmex.cn/sell-10196150.html
2026-09-22,PET,rawmex,PET,"三房巷 水瓶级 三房巷 优等品,GB/T 17931-2018",8650.0,元/吨,"江苏省
  				                    				                    				                    				                  >    				                  无锡市",90吨,https://www.rawmex.cn/sell-10196152.html
2026-09-22,PET,rawmex,PET,浙江万凯 水瓶级 浙江万凯,8600.0,元/吨,"浙江省
  				                    				                    				                    				                  >    				                  嘉兴市",100吨,https://www.rawmex.cn/sell-10196148.html
2026-09-22,PET,rawmex,PET,浙江万凯 水瓶级 浙江万凯,8600.0,元/吨,"浙江省
  				                    				                    				                    				                  >    				                  嘉兴市",100吨,https://www.rawmex.cn/sell-10196146.html
2026-09-22,PVC,rawmex,PVC,SG-5 优等品 中泰,4820.0,元/吨,"江苏省
  				                    				                    				                    				                  >    				                  常州市",100吨,https://www.rawmex.cn/sell-10195884.html
2026-09-22,PVC,rawmex,PVC,SG-5 优等品 中泰,4820.0,元/吨,"江苏省
  				                    				                    				                    				                  >    				                  常州市",100吨,https://www.rawmex.cn/sell-10195881.html
2026-09-22,PVC,rawmex,PVC,SG-5 优等品 中泰,4820.0,元/吨,"江苏省
  				                    				                    				                    				                  >    				                  常州市",100吨,https://www.rawmex.cn/sell-10195879.html
2026-09-22,PVC,rawmex,PVC,SG-5 优等品 鲁泰,4700.0,元/吨,"山东省
  				                    				                    				                    				                  >    				                  济宁市",100吨,https://www.rawmex.cn/sell-10195866.html
2026-09-22,PVC,rawmex,PVC,SG-5 优等品 鲁泰,4700.0,元/吨,"山东省
  				                    				                    				                    				                  >    				                  济宁市",100吨,https://www.rawmex.cn/sell-10195865.html
2026-09-22,PVC,rawmex,PVC,SG-5 优等品 鲁泰,4700.0,元/吨,"山东省
  				                    				                    				                    				                  >    				                  济宁市",100吨,https://www.rawmex.cn/sell-10195863.html
2026-09-22,PVC,rawmex,PVC,SG-5 优等品 鲁泰,4700.0,元/吨,"山东省
  				                    				                    				                    				                  >    				                  济宁市",100吨,https://www.rawmex.cn/sell-10195859.html
2026-09-22,PVC,rawmex,PVC,SG-5 优等品 鲁泰,4700.0,元/吨,"山东省
  				                    				                    				                    				                  >    				                  济宁市",100吨,https://www.rawmex.cn/sell-10195849.html
2026-09-22,PVC,rawmex,PVC,SG-5 优等品 信发,4650.0,元/吨,"山东省
  				                    				                    				                    				                  >    				                  聊城市",100吨,https://www.rawmex.cn/sell-10195740.html
2026-09-22,PVC,rawmex,PVC,SG-5 优等品 信发,4650.0,元/吨,"山东省
  				                    				                    				                    				                  >    				                  聊城市",100吨,https://www.rawmex.cn/sell-10195729.html
2026-09-22,PVC,rawmex,PVC,SG-5 优等品 信发,4650.0,元/吨,"山东省
  				                    				                    				                    				                  >    				                  聊城市",100吨,https://www.rawmex.cn/sell-10195719.html
2026-09-22,PVC,rawmex,PVC,SG-5 优等品 信发,4650.0,元/吨,"山东省
  				                    				                    				                    				                  >    				                  聊城市",100吨,https://www.rawmex.cn/sell-10195713.html
2026-09-22,PVC,rawmex,PVC,SG-5 优等品 信发,4650.0,元/吨,"山东省
  				                    				                    				                    				                  >    				                  聊城市",100吨,https://www.rawmex.cn/sell-10195708.html
2026-09-22,LDPE,cngold,LDPE,牌号:2426H;用途级别:薄膜级,12133.33,（元/吨）,,,https://m.cngold.org/price/jg10775865.html
2026-09-22,PP,cngold,PP(纤维),牌号:Z30S;用途级别:纤维级,10112.5,（元/吨）,,,https://m.cngold.org/price/jg10775873.html
2026-09-22,PP,cngold,PP(拉丝),L5E89,9933.33,（元/吨）,,,https://m.cngold.org/price/jg10775873.html
2026-09-22,PVC,cngold,PVC,SG-5 优等品,4652.0,（元/吨）,,,https://m.cngold.org/price/jg10775874.html
2026-09-23,ABS,cngold,ABS,通用级,11016.67,（元/吨）,,,https://m.cngold.org/price/jg10778549.html
2026-09-23,HDPE,cngold,HDPE,牌号:5000S;用途级别:拉丝级,10512.5,（元/吨）,,,https://m.cngold.org/price/jg10778544.html
2026-09-23,LDPE,cngold,LDPE,牌号:2426H;用途级别:薄膜级,12100.0,（元/吨）,,,https://m.cngold.org/price/jg10778543.html
2026-09-23,PC,cngold,PC,通用级,14950.0,（元/吨）,,,https://m.cngold.org/price/jg10778547.html
2026-09-23,PE,cngold,PE,薄膜料,9298.33,（元/吨）,,,https://m.cngold.org/price/jg10778502.html
2026-09-23,PET,cngold,PET,用途级别:水瓶级,8607.5,（元/吨）,,,https://m.cngold.org/price/jg10778545.html
2026-09-23,POM,cngold,POM,MC90,11900.0,（元/吨）,,,https://m.cngold.org/price/jg10778515.html
2026-09-23,PP,cngold,PP(纤维),牌号:Z30S;用途级别:纤维级,10112.5,（元/吨）,,,https://m.cngold.org/price/jg10778551.html
2026-09-23,PP,cngold,PP(拉丝),L5E89,9883.33,（元/吨）,,,https://m.cngold.org/price/jg10778551.html
2026-09-23,PS,cngold,PS,牌号:525;用途级别:注塑级,11083.33,（元/吨）,,,https://m.cngold.org/price/jg10778550.html
2026-09-23,PVC,cngold,PVC,SG-5 优等品,4655.0,（元/吨）,,,https://m.cngold.org/price/jg10778552.html
2026-09-23,PP,rawmex,PP,镇海炼化 T30S,11500.0,元/吨,"浙江省
  				                    				                    				                    				                  >    				                  宁波市",27吨,https://www.rawmex.cn/sell-10270388.html
2026-09-23,PP,rawmex,PP,镇海炼化 T30S,11700.0,元/吨,"浙江省
  				                    				                    				                    				                  >    				                  宁波市",27吨,https://www.rawmex.cn/sell-10270389.html
2026-09-23,PP,rawmex,PP,镇海炼化 T30S,11800.0,元/吨,"浙江省
  				                    				                    				                    				                  >    				                  宁波市",27吨,https://www.rawmex.cn/sell-10270391.html
2026-09-23,PP,rawmex,PP,抚顺石化 L5E89,9950.0,元/吨,"山东省
  				                    				                    				                    				                  >    				                  临沂市",66吨,https://www.rawmex.cn/sell-10270384.html
2026-09-23,PP,rawmex,PP,抚顺石化 L5E89,9900.0,元/吨,"山东省
  				                    				                    				                    				                  >    				                  临沂市",66吨,https://www.rawmex.cn/sell-10270386.html
2026-09-23,PP,rawmex,PP,抚顺石化 L5E89,9800.0,元/吨,"山东省
  				                    				                    				                    				                  >    				                  临沂市",99吨,https://www.rawmex.cn/sell-10270385.html
2026-09-23,PP,rawmex,PP,中煤 L5E89,9980.0,元/吨,"浙江省
  				                    				                    				                    				                  >    				                  金华市",33吨,https://www.rawmex.cn/sell-10269036.html
2026-09-23,PP,rawmex,PP,牌号:T30S;用途级别:拉丝级;,10700.0,元/吨,湖北省,30.0吨,https://www.rawmex.cn/sell-10267903.html
2026-09-23,PP,rawmex,PP,牌号:T30S;用途级别:拉丝级;,10700.0,元/吨,湖北省,30.0吨,https://www.rawmex.cn/sell-10267899.html
2026-09-23,PP,rawmex,PP,牌号:T30S;用途级别:拉丝级;,10700.0,元/吨,湖北省,30.0吨,https://www.rawmex.cn/sell-10267895.html
2026-09-23,PP,rawmex,PP,牌号:T30S;用途级别:拉丝级;,10700.0,元/吨,湖北省,30.0吨,https://www.rawmex.cn/sell-10267897.html
2026-09-23,PP,rawmex,PP,牌号:T30S;用途级别:拉丝级;,10700.0,元/吨,湖北省,30.0吨,https://www.rawmex.cn/sell-10267898.html
2026-09-23,PP,rawmex,PP,中煤 L5E89,9950.0,元/吨,"浙江省
  				                    				                    				                    				                  >    				                  杭州市",34吨,https://www.rawmex.cn/sell-10261131.html
2026-09-23,PP,rawmex,PP,中煤 L5E89,9970.0,元/吨,"浙江省
  				                    				                    				                    				                  >    				                  金华市",66吨,https://www.rawmex.cn/sell-10241779.html
2026-09-23,PP,rawmex,PP京博M800E,京博 M800E 京博 原厂标准 pp,10200.0,元/吨,"浙江省
  				                    				                    				                    				                  >    				                  宁波市",10吨,https://www.rawmex.cn/sell-10208730.html
2026-09-23,PP,rawmex,PP京博M800E,京博 M800E 京博 原厂标准 pp,10200.0,元/吨,"浙江省
  				                    				                    				                    				                  >    				                  宁波市",10吨,https://www.rawmex.cn/sell-10208479.html
2026-09-23,PP,rawmex,PP京博M800E,京博 M800E 京博 原厂标准 pp,10200.0,元/吨,"浙江省
  				                    				                    				                    				                  >    				                  宁波市",10吨,https://www.rawmex.cn/sell-10208312.html
2026-09-23,PP,rawmex,PP京博M800E,京博 M800E 京博 原厂标准 pp,10200.0,元/吨,"浙江省
  				                    				                    				                    				                  >    				                  宁波市",10吨,https://www.rawmex.cn/sell-10208296.html
2026-09-23,PP,rawmex,PP京博M800E,京博 M800E 京博 原厂标准 pp,10200.0,元/吨,"浙江省
  				                    				                    				                    				                  >    				                  宁波市",10吨,https://www.rawmex.cn/sell-10208028.html
2026-09-23,PP,rawmex,PP京博M800E,京博 M800E 京博 原厂标准 pp,10200.0,元/吨,"浙江省
  				                    				                    				                    				                  >    				                  宁波市",10吨,https://www.rawmex.cn/sell-10207951.html
2026-09-23,ABS,rawmex,ABS,HI-121H,12400.0,元/吨,"上海
  				                    				                    				                    				                  >    				                  上海市",100吨,https://www.rawmex.cn/sell-10272075.html
2026-09-23,ABS,rawmex,ABS,规格：PA-777E,20500.0,元/吨,"浙江省
  				                    				                    				                    				                  >    				                  宁波市",100吨,https://www.rawmex.cn/sell-10272074.html
2026-09-23,ABS,rawmex,ABS,AF-312C,19500.0,元/吨,"江苏省
  				                    				                    				                    				                  >    				                  苏州市",100吨,https://www.rawmex.cn/sell-10272071.html
2026-09-23,ABS,rawmex,ABS,吉林石化 0215A,11100.0,元/吨,"广东省
  				                    				                    				                    				                  >    				                  揭阳市",64吨,https://www.rawmex.cn/sell-10270153.html
2026-09-23,ABS,rawmex,ABS,吉林石化 0215A,11000.0,元/吨,"广东省
  				                    				                    				                    				                  >    				                  揭阳市",64吨,https://www.rawmex.cn/sell-10269061.html
2026-09-23,ABS,rawmex,ABS,吉林石化 0215A,10950.0,元/吨,"广东省
  				                    				                    				                    				                  >    				                  东莞市",64吨,https://www.rawmex.cn/sell-10269057.html
2026-09-23,ABS,rawmex,ABS,PA-747,15000.0,元/吨,"浙江省
  				                    				                    				                    				                  >    				                  宁波市",32吨,https://www.rawmex.cn/sell-10208833.html
2026-09-23,ABS,rawmex,ABS,0215A,10800.0,元/吨,"浙江省
  				                    				                    				                    				                  >    				                  宁波市",30吨,https://www.rawmex.cn/sell-10208823.html
2026-09-23,ABS,rawmex,ABS,GP-22,15000.0,元/吨,"浙江省
  				                    				                    				                    				                  >    				                  宁波市",16吨,https://www.rawmex.cn/sell-10208826.html
2026-09-23,ABS,rawmex,ABS,417,11800.0,元/吨,浙江省,60吨,https://www.rawmex.cn/sell-10208749.html
2026-09-23,ABS,rawmex,ABS,CT2010,13000.0,元/吨,"浙江省
  				                    				                    				                    				                  >    				                  宁波市",80吨,https://www.rawmex.cn/sell-10208710.html
2026-09-23,ABS,rawmex,ABS,121H,12000.0,元/吨,"浙江省
  				                    				                    				                    				                  >    				                  宁波市",60吨,https://www.rawmex.cn/sell-10208718.html
2026-09-23,ABS,rawmex,ABS,GP-22,15000.0,元/吨,"浙江省
  				                    				                    				                    				                  >    				                  宁波市",16吨,https://www.rawmex.cn/sell-10208576.html
2026-09-23,ABS,rawmex,ABS,PA-747,15000.0,元/吨,"浙江省
  				                    				                    				                    				                  >    				                  宁波市",32吨,https://www.rawmex.cn/sell-10208585.html
2026-09-23,ABS,rawmex,ABS,0215A,10800.0,元/吨,"浙江省
  				                    				                    				                    				                  >    				                  宁波市",30吨,https://www.rawmex.cn/sell-10208572.html
2026-09-23,ABS,rawmex,ABS,417,11800.0,元/吨,浙江省,60吨,https://www.rawmex.cn/sell-10208514.html
2026-09-23,ABS,rawmex,ABS,CT2010,13000.0,元/吨,"浙江省
  				                    				                    				                    				                  >    				                  宁波市",80吨,https://www.rawmex.cn/sell-10208465.html
2026-09-23,ABS,rawmex,ABS,121H,12000.0,元/吨,"浙江省
  				                    				                    				                    				                  >    				                  宁波市",60吨,https://www.rawmex.cn/sell-10208469.html
2026-09-23,ABS,rawmex,ABS,PA-747,15000.0,元/吨,"浙江省
  				                    				                    				                    				                  >    				                  宁波市",32吨,https://www.rawmex.cn/sell-10208407.html
2026-09-23,ABS,rawmex,ABS,GP-22,15000.0,元/吨,"浙江省
  				                    				                    				                    				                  >    				                  宁波市",16吨,https://www.rawmex.cn/sell-10208389.html
2026-09-23,PC,rawmex,PC,鲁西化工 LXTY1609T-11,14900.0,元/吨,"广东省
  				                    				                    				                    				                  >    				                  东莞市",80吨,https://www.rawmex.cn/sell-10270325.html
2026-09-23,PC,rawmex,PC,鲁西化工 LXTY1609T-11,14950.0,元/吨,"广东省
  				                    				                    				                    				                  >    				                  东莞市",80吨,https://www.rawmex.cn/sell-10270302.html
2026-09-23,PC,rawmex,PC,鲁西化工 LXTY1609T-11,15000.0,元/吨,"广东省
  				                    				                    				                    				                  >    				                  汕头市",80吨,https://www.rawmex.cn/sell-10270219.html
2026-09-23,PC,rawmex,PC,LXTY1609T-11,15500.0,元/吨,浙江省,60吨,https://www.rawmex.cn/sell-10208791.html
2026-09-23,PC,rawmex,PC,WY-111BR,15200.0,元/吨,浙江省,60吨,https://www.rawmex.cn/sell-10208799.html
2026-09-23,PC,rawmex,PC,SC-1100R,15500.0,元/吨,浙江省,60吨,https://www.rawmex.cn/sell-10208781.html
2026-09-23,PC,rawmex,PC,PC-1100,15000.0,元/吨,浙江省,60吨,https://www.rawmex.cn/sell-10208755.html
2026-09-23,PC,rawmex,PC,PC-110,18500.0,元/吨,浙江省,60吨,https://www.rawmex.cn/sell-10208761.html
2026-09-23,PC,rawmex,PC,韩国 SC-1100R 乐天尖端 原厂标准 PC,15500.0,元/吨,"浙江省
  				                    				                    				                    				                  >    				                  宁波市",60吨,https://www.rawmex.cn/sell-10208739.html
2026-09-23,PC,rawmex,PC,SC-1100R,15500.0,元/吨,浙江省,60吨,https://www.rawmex.cn/sell-10208541.html
2026-09-23,PC,rawmex,PC,LXTY1609T-11,15500.0,元/吨,浙江省,60吨,https://www.rawmex.cn/sell-10208544.html
2026-09-23,PC,rawmex,PC,WY-111BR,15200.0,元/吨,浙江省,60吨,https://www.rawmex.cn/sell-10208551.html
2026-09-23,PC,rawmex,PC,PC-1100,15000.0,元/吨,浙江省,60吨,https://www.rawmex.cn/sell-10208522.html
2026-09-23,PC,rawmex,PC,PC-110,18500.0,元/吨,浙江省,60吨,https://www.rawmex.cn/sell-10208527.html
2026-09-23,PC,rawmex,PC,韩国 SC-1100R 乐天尖端 原厂标准 PC,15500.0,元/吨,"浙江省
  				                    				                    				                    				                  >    				                  宁波市",60吨,https://www.rawmex.cn/sell-10208498.html
2026-09-23,PC,rawmex,PC,LXTY1609T-11,15500.0,元/吨,浙江省,60吨,https://www.rawmex.cn/sell-10208370.html
2026-09-23,PC,rawmex,PC,WY-111BR,15200.0,元/吨,浙江省,60吨,https://www.rawmex.cn/sell-10208377.html
2026-09-23,PC,rawmex,PC,PC-110,18500.0,元/吨,浙江省,60吨,https://www.rawmex.cn/sell-10208349.html
2026-09-23,PC,rawmex,PC,SC-1100R,15500.0,元/吨,浙江省,60吨,https://www.rawmex.cn/sell-10208355.html
2026-09-23,PC,rawmex,PC,LXTY1609T-11,15500.0,元/吨,浙江省,60吨,https://www.rawmex.cn/sell-10208359.html
2026-09-23,POM,rawmex,POM,MC90,9500.0,元/吨,"浙江省
  				                    				                    				                    				                  >    				                  宁波市",15吨,https://www.rawmex.cn/sell-10258523.html
2026-09-23,POM,rawmex,POM,K90,9500.0,元/吨,"浙江省
  				                    				                    				                    				                  >    				                  宁波市",20吨,https://www.rawmex.cn/sell-10258508.html
2026-09-23,POM,rawmex,POM,M90,9300.0,元/吨,"浙江省
  				                    				                    				                    				                  >    				                  宁波市",15吨,https://www.rawmex.cn/sell-10258487.html
2026-09-23,POM,rawmex,POM,MC90,9200.0,元/吨,"江苏省
  				                    				                    				                    				                  >    				                  苏州市",32吨,https://www.rawmex.cn/sell-10258494.html
2026-09-23,POM,rawmex,POM,M270,10100.0,元/吨,"浙江省
  				                    				                    				                    				                  >    				                  宁波市",25吨,https://www.rawmex.cn/sell-10258475.html
2026-09-23,POM,rawmex,POM,M90-44,14000.0,元/吨,浙江省,60吨,https://www.rawmex.cn/sell-10208746.html
2026-09-23,POM,rawmex,POM,M90-44,14000.0,元/吨,浙江省,60吨,https://www.rawmex.cn/sell-10208509.html
2026-09-23,POM,rawmex,POM,M90-44,14000.0,元/吨,浙江省,60吨,https://www.rawmex.cn/sell-10208333.html
2026-09-23,POM,rawmex,POM,M90-44,14000.0,元/吨,浙江省,60吨,https://www.rawmex.cn/sell-10208319.html
2026-09-23,POM,rawmex,POM,M90-44,14000.0,元/吨,浙江省,60吨,https://www.rawmex.cn/sell-10208041.html
2026-09-23,POM,rawmex,POM,M90-44,14000.0,元/吨,浙江省,60吨,https://www.rawmex.cn/sell-10207969.html
2026-09-23,POM,rawmex,POM,M90-44,14000.0,元/吨,浙江省,60吨,https://www.rawmex.cn/sell-10207930.html
2026-09-23,POM,rawmex,POM,M90-44,14000.0,元/吨,浙江省,60吨,https://www.rawmex.cn/sell-10207847.html
2026-09-23,POM,rawmex,POM,M90-44,14000.0,元/吨,浙江省,60吨,https://www.rawmex.cn/sell-10207848.html
2026-09-23,POM,rawmex,POM,M90-44,14000.0,元/吨,浙江省,60吨,https://www.rawmex.cn/sell-10207798.html
2026-09-23,POM,rawmex,POM,M90-44,14000.0,元/吨,浙江省,60吨,https://www.rawmex.cn/sell-10207670.html
2026-09-23,POM,rawmex,POM,M90-44,14000.0,元/吨,浙江省,60吨,https://www.rawmex.cn/sell-10207619.html
2026-09-23,POM,rawmex,POM,M90-44,14000.0,元/吨,浙江省,60吨,https://www.rawmex.cn/sell-10207501.html
2026-09-23,POM,rawmex,POM,M90-44,14000.0,元/吨,浙江省,60吨,https://www.rawmex.cn/sell-10207435.html
2026-09-23,POM,rawmex,POM,M90-44,14000.0,元/吨,浙江省,60吨,https://www.rawmex.cn/sell-10207285.html
2026-09-23,PET,rawmex,PET,"三房巷 水瓶级 三房巷 优等品,GB/T 17931-2018",8600.0,元/吨,"江苏省
  				                    				                    				                    				                  >    				                  无锡市",90吨,https://www.rawmex.cn/sell-10270377.html
2026-09-23,PET,rawmex,PET,"浙江万凯 水瓶级 浙江万凯 优等品,GB/T 17931-2018",8590.0,元/吨,"浙江省
  				                    				                    				                    				                  >    				                  嘉兴市",60吨,https://www.rawmex.cn/sell-10270376.html
2026-09-23,PET,rawmex,PET,"浙江万凯 水瓶级 浙江万凯 优等品,GB/T 17931-2018",8600.0,元/吨,"浙江省
  				                    				                    				                    				                  >    				                  嘉兴市",60吨,https://www.rawmex.cn/sell-10270375.html
2026-09-23,PET,rawmex,PET,"三房巷 水瓶级 三房巷 优等品,GB/T 17931-2018",8600.0,元/吨,"江苏省
  				                    				                    				                    				                  >    				                  无锡市",60吨,https://www.rawmex.cn/sell-10270374.html
2026-09-23,PET,rawmex,PET,"三房巷 水瓶级 三房巷 优等品,GB/T 17931-2018",8560.0,元/吨,"江苏省
  				                    				                    				                    				                  >    				                  无锡市",90吨,https://www.rawmex.cn/sell-10268908.html
2026-09-23,PET,rawmex,PET,"三房巷 水瓶级 三房巷 优等品,GB/T 17931-2018",8650.0,元/吨,"江苏省
  				                    				                    				                    				                  >    				                  无锡市",60吨,https://www.rawmex.cn/sell-10268926.html
2026-09-23,PET,rawmex,PET,"浙江万凯 水瓶级 浙江万凯 优等品,GB/T 17931-2018",8570.0,元/吨,"浙江省
  				                    				                    				                    				                  >    				                  嘉兴市",100吨,https://www.rawmex.cn/sell-10268917.html
2026-09-23,PET,rawmex,PET,"浙江万凯 水瓶级 浙江万凯 优等品,GB/T 17931-2018",8520.0,元/吨,"浙江省
  				                    				                    				                    				                  >    				                  嘉兴市",100吨,https://www.rawmex.cn/sell-10268912.html
2026-09-23,PET,rawmex,PET,浙江万凯 水瓶级 浙江万凯,8570.0,元/吨,"浙江省
  				                    				                    				                    				                  >    				                  嘉兴市",100吨,https://www.rawmex.cn/sell-10268282.html
2026-09-23,PET,rawmex,PET,浙江万凯 水瓶级 浙江万凯,8650.0,元/吨,"浙江省
  				                    				                    				                    				                  >    				                  嘉兴市",100吨,https://www.rawmex.cn/sell-10246628.html
2026-09-23,PVC,rawmex,PVC,SG-5 优等品 中泰,4750.0,元/吨,"江苏省
  				                    				                    				                    				                  >    				                  常州市",100吨,https://www.rawmex.cn/sell-10244325.html
2026-09-23,PVC,rawmex,PVC,SG-5 优等品 中泰,4750.0,元/吨,"江苏省
  				                    				                    				                    				                  >    				                  常州市",100吨,https://www.rawmex.cn/sell-10244237.html
2026-09-23,PVC,rawmex,PVC,SG-5 优等品 中泰,4750.0,元/吨,"江苏省
  				                    				                    				                    				                  >    				                  常州市",100吨,https://www.rawmex.cn/sell-10244152.html
2026-09-23,PVC,rawmex,PVC,SG-5 优等品 鲁泰,4680.0,元/吨,"山东省
  				                    				                    				                    				                  >    				                  济宁市",100吨,https://www.rawmex.cn/sell-10242298.html
2026-09-23,PVC,rawmex,PVC,SG-5 优等品 鲁泰,4680.0,元/吨,"山东省
  				                    				                    				                    				                  >    				                  济宁市",100吨,https://www.rawmex.cn/sell-10242216.html
2026-09-23,PVC,rawmex,PVC,SG-5 优等品 鲁泰,4680.0,元/吨,"山东省
  				                    				                    				                    				                  >    				                  济宁市",100吨,https://www.rawmex.cn/sell-10242112.html
2026-09-23,PVC,rawmex,PVC,SG-5 优等品 鲁泰,4680.0,元/吨,"山东省
  				                    				                    				                    				                  >    				                  济宁市",100吨,https://www.rawmex.cn/sell-10241992.html
2026-09-23,PVC,rawmex,PVC,SG-5 优等品 信发,4630.0,元/吨,"山东省
  				                    				                    				                    				                  >    				                  聊城市",100吨,https://www.rawmex.cn/sell-10240875.html
2026-09-23,PVC,rawmex,PVC,SG-5 优等品 信发,4630.0,元/吨,"山东省
  				                    				                    				                    				                  >    				                  聊城市",100吨,https://www.rawmex.cn/sell-10240556.html
2026-09-23,PVC,rawmex,PVC,SG-5 优等品 信发,4630.0,元/吨,"山东省
  				                    				                    				                    				                  >    				                  聊城市",100吨,https://www.rawmex.cn/sell-10240355.html
2026-09-23,PVC,rawmex,PVC,SG-5 优等品 信发,4630.0,元/吨,"山东省
  				                    				                    				                    				                  >    				                  聊城市",100吨,https://www.rawmex.cn/sell-10240206.html
2026-09-23,PVC,rawmex,PVC,SG-5 优等品 信发,4630.0,元/吨,"山东省
  				                    				                    				                    				                  >    				                  聊城市",100吨,https://www.rawmex.cn/sell-10239335.html
2026-09-23,LDPE,rawmex,LDPE,涂覆料1C7A,14800.0,元/吨,"上海
  				                    				                    				                    				                  >    				                  上海市",100吨,https://www.rawmex.cn/sell-10272073.html
2026-09-23,LDPE,rawmex,LDPE,Q281,13500.0,元/吨,"浙江省
  				                    				                    				                    				                  >    				                  宁波市",100吨,https://www.rawmex.cn/sell-10272072.html
